participant_id	Task_order	Task_difficulty_nback	Task_difficulty_SST	Task_difficulty_card	Task_difficulty_gradCPT	Task_difficulty_eyes	Task_difficulty_movie	Task_engagement_wm	Task_engagement_SST	Task_engagement_card	Task_engagement_gradCPT	Task_engagement_eyes	Task_engagement_movies	SleepRuns	eyes_words_DK
sub-pa0475	4,2,1,3,6,5	5	2	1	2	1	1	5	4	1	2	3	1	n/a	pensive
sub-pa0553	2,5,4,3,6,1	5	2	2	2	2	1	5	4	4	4	4	2	n/a	n/a
sub-pa0571	5,1,3,2,4,6	5	2	1	3	3	1	4	4	2	4	3	2	n/a	despondent
sub-pa0608	5,4,1,2,3,6	4	3	4	2	3	1	4	5	4	5	4	4	n/a	n/a
sub-pa0645	4,6,3,1,2,5	4	2	3	5	4	1	5	5	5	4	4	1	movie, R2	despondent,pensive
sub-pa0654	2,6,3,1,4,5	4	3	5	3	3	1	5	5	5	5	5	4	n/a	n/a
sub-pa0668	6,4,5,2,1,7,3	5	2	5	3	3	1	4	3	2	4	2	3	n/a	n/a
sub-pa0772	1,5,3,6,4,2	3	4	3	5	5	1	2	3	5	5	4	1	Nback	incredulous, stern, tentative
sub-pa0831	4,1,2,6,3,5	5	1	1	5	5	1	5	1	1	5	5	1	Nback, SST, card guessing, gradCPT, eyes, movies, R1, R2	aghast,despondent,dispirited,distrustful,dubious,earnest,imploring,incredulous,pensive,perplexed,stern
sub-pa0876	5,4,6,3,1,2	5	2	1	3	4	1	5	3	1	2	4	5	n/a	n/a
sub-pa0890	4,2,1,5,3,6	5	2	2	3	3	1	4	5	4	5	4	4	n/a	n/a
sub-pa0904	3,2,6,5,1,4	5	2	1	2	3	1	4	5	2	3	5	4	n/a	n/a
sub-pa0921	5,1,2,6,4,3	4	1	3	2	2	1	5	5	5	5	5	5	R1, R2	aghast,earnest
sub-pa0938	4,5,3,2,6,1	4	1	2	2	1	1	2	2	3	3	3	2	n/a	n/a
sub-pa0950	6, bad 4 (exclude), 1, 5, 7, 2, 3	5	2	2	5	2	1	4	5	4	4	1	3	n/a	aghast, contemplative, incredulous
sub-pa0955	6,2,3,1,5,4	5	2	3	2	2	1	4	5	2	5	5	5	R1, R2	despondent,dubious
sub-pa0989	1,5,3,2,4,6	5	2	1	4	2	1	4	3	2	3	5	5	n/a	n/a
sub-pa1033	3,2,5,1,6,4	4	5	5	5	5	1	2	3	2	3	5	5	Nback, SST, card guessing, gradCPT, eyes, R1, R2	despondent,pensive
sub-pa1055	4,5,1,6,3,2	3	2	4	4	2	1	4	5	2	4	4	4	R1	n/a
sub-pa1099	5,6,4,3,2,1	4	2	3	1	2	1	5	4	2	5	3	3	n/a	despondent
sub-pa1133	6,3,4,5,1,2	5	3	2	4	4	1	4	4	4	3	3	4	n/a	n/a
sub-pa1149	4,1,6,2,5,3	5	2	5	3	3	1	3	2	1	1	4	3	card guessing, gradCPT, R1, R2	aghast,incredulous
sub-pa1171	1,6,3,4,2,5	4	4	3	3	3	3	4	2	3	5	2	2	Nback, SST, card guessing, gradCPT, eyes, movies, R1, R2	n/a
sub-pa1187	2,6,3,4,5,1	4	1	3	4	2	1	2	4	2	1	3	3	Nback, card guessing, gradCPT, R1	n/a
sub-pa1197	6,2,4,5,1,3	4	3	4	3	2	1	5	4	5	4	4	4	n/a	n/a
sub-pa1217	6,1,4,5,2,3	4	3	5	4	4	1	5	5	3	5	5	5	n/a	n/a
sub-pa1248	2,1,3,5,4,6	3	2	1	2	1	1	5	5	3	5	4	4	R2	n/a
sub-pa1263	3,6,2,1,5,4	5	2	3	2	1	1	2	3	3	4	4	4	n/a	n/a
sub-pa1267	1,5,3,6,2,4	3	1	2	1	2	1	4	4	4	4	4	4	n/a	aghast, dubious, incredulous
sub-pa1300	5,2,6,4,1,3	5	3	2	5	3	1	5	5	4	5	5	5	n/a	dubious, incredulous
sub-pa1303	4,6,2,1,5,3	5	1	1	3	4	1	4	4	2	3	5	3	R2	n/a
sub-pa1319	6,5,3,2,7,4,1	2	1	2	1	3	1	4	3	3	3	3	5	SST	despondent
sub-pa1324	2,1,5,3,6,4	1	2	2	2	2	1	5	5	5	5	5	5	n/a	aghast, incredulous
sub-pa1327	4,3,6,1,2,5	5	5	5	5	3	1	3	3	3	3	4	5	n/a	aghast, defiant, despondent, dispirited, dubious, earnest, indifferent, tentative
sub-pa1377	4,5,1,2,6,3	5	2	4	2	3	1	5	4	4	4	5	5	n/a	aghast, imploring
sub-pa1417	3,2,6,4,1,5	4	3	5	2	4	1	3	5	3	4	4	3	R1	n/a
sub-pa1419	1,2,3,4,6,5	5	2	2	2	3	1	5	4	4	4	4	3	n/a	dubious, imploring, pensive
sub-pa1437	5,2,1,3,4,6	3	2	3	4	5	1	4	5	3	2	3	5	n/a	dispirited, incredulous, pensive
sub-pa1439	2,6,5,3,4,1	3	3	5	2	4	1	3	5	4	5	2	5	n/a	aghast, despondent, tentative
sub-pa1461	4,2,6,1,5,3	5	3	2	3	4	1	5	5	3	5	4	2	card guessing, movies, R2	despondent, incredulous
sub-pa1481	2,1,5,6,4,3	4	2	3	1	4	1	3	4	5	2	3	1	R1, R2	contented, dubious, incredulous
sub-pa1484	6,1,3,4,2,5	5	2	5	2	3	1	5	5	5	3	5	5	n/a	despondent, incredulous
sub-pa1523	6,2,5,3,1,4	4	1	3	2	2	1	5	3	5	5	5	4	n/a	n/a
sub-pa1570	4,2,3,1,5,6	4	5	5	4	3	1	4	4	5	4	5	5	n/a	despondent, imploring, incredulous, pensive
sub-pa1575	5,1,2,3,4,6	4	3	5	3	2	1	5	5	2	4	5	4	n/a	incredulous
sub-pa1591	3,5,1,6,4,2	5	2	1	3	5	1	5	5	3	5	5	3	n/a	n/a
sub-pa1615	3,1,5,4,6,2	3	2	1	3	1	1	5	4	4	4	5	4	n/a	n/a
sub-pa1628	1,5,4,6,2,3	3	1	4	2	3	1	3	2	1	1	1	1	n/a	aghast, dispirited, incredulous
sub-pa1631	4,6,3,1,5,2	5	3	4	3	5	1	4	3	4	2	4	3	R1, R2	despondent
sub-pa1650	5,4,1,3,2,6	4	2	3	2	3	1	5	5	4	5	4	3	n/a	n/a
sub-pa1693	5,2,4,6,3,1	3	2	3	2	3	1	4	4	4	4	4	3	Nback, movies, R1	aghast, assertive, baffled, bewildered, defiant, dubious, fascin/ated, flirtatious, flustered, indifferent, intrigued, perplexed, puzzled, sarcastic, skeptical, stern, threatening
sub-pa1705	7,6,5,4,3,2,1	4	3	5	3	2	1	4	4	3	3	5	5	n/a	despondent, dispirited, pensive, tentative
sub-pa1710	1,6,2,3,4,5	5	1	2	2	3	1	1	5	3	3	4	5	SST, gradCPT, eyes, R1, R2	aghast, despondent, dubious
sub-pa1731	1,6,3,2,5,4	3	2	3	4	4	1	5	2	4	3	3	2	n/a	n/a
sub-pa1736	2,1,3,4,6,5	3	2	2	2	5	1	2	3	3	4	1	2	Nback, R2	aghast, despondent, dubious, imploring
sub-pa1760	6,2,4,1,3,5	5	1	1	4	2	1	4	4	4	3	5	5	Nback, R1	n/a
sub-pa1812	6,4,5,3,2,1	3	1	1	1	4	1	3	4	2	4	3	5	n/a	aghast, despondent, incredulous
sub-pa1849	4,1,2,6,5,3	5	1	3	2	2	1	5	4	2	3	5	3	R1	n/a
sub-pa1867	4,2,3,6,1,5	5	2	5	2	2	1	5	5	2	5	5	5	R1	incredulous
sub-pa1870	1,3,5,4,2,6	5	1	5	1	5	1	5	5	5	5	5	1	R1	despondent, incredulous
sub-pa1886	6,4,2,1,5,3	5	3	3	5	2	1	3	3	3	3	3	3	n/a	n/a
sub-pa1897	3,1,2,5,4,6	4	3	2	1	1.5	1	3	5	5	5	5	3	n/a	despondent, imploring, incredulous
sub-pa1903	3,4,1,6,2,5	5	2	3	2	3	1	4	4	4	4	4	4	n/a	incredulous
sub-pa1941	3,6,2,4,5,1	4	1	5	5	5	1	5	5	1	5	5	5	card guessing	incredulous
sub-pa1947	2,4,1,3,6,5	2	4	5	3	3	1	5	5	2	4	3	2	n/a	despondent, incredulous
sub-pa1970	6,3,5,2,4,1	5	2	3	2	3	1	5	5	5	5	5	5	R1	aghast, contemplative, contented, dubious, imploring, incredulous
sub-pa2012	1,3,6,5,2,4	3	2	2	2	1	1	3	2	2	2	1	1	Nback	aghast, contemplative, dispirited, dubious, imploring, incredulous, pensive, perplexed, tentative
sub-pa2014	4,6,5,3,2,1,	4	4	4	3	3	3	5	5	5	5	5	5	n/a	aghast, incredulous
sub-pa2028	6,4,3,1,5,2	5	2	4	4	4	1	5	5	5	5	5	5	R1, R2	aghast, imploring
sub-pa2033	1,4,6,5,2,3	4	2	3	1	1	1	3	5	4	5	5	5	n/a	despondent, deubious, incredulous, tentative
sub-pa2039	1,5 2,3,4,6	4	1	3	3	1	1	4	5	5	5	4	5	n/a	aghast, despondent, dispirited, dubious, earnest, flustered, imploring, incredulous
sub-pa2059	2,6,1,3,4,5	3	3	4	2	4	1	3	3	3	3	3	3	R1	incredulous
sub-pa2061	2,3,1,4,5,6	4	3	2	4	2	1	4	5	4	4	4	2	Nback, SST, card guessing, gradCPT, eyes, movies, R1, R2	n/a
sub-pa2064	6,5,3,1,2,4	n/an	n/an	n/an	n/an	n/an	n/an	n/an	n/an	n/an	n/an	n/an	n/an	n/an	aghast, contemplative, dubious, incredulous, pensive
sub-pa2107	6,1,3,2,4,5	2	1	3	2	5	1	4	5	3	4	2	5	n/a	aghast, dubious, incredulous, pensive, tentative
sub-pa2129	5,1,4,6,2,3	1	1	1	1	1	1	4	4	4	4	4	4	eyes, R1	pensive
sub-pa2132	6,3,4,2,1,5	1	4	3	1	1	1	2	1	4	4	5	5	n/a	aghast, despondent, imploring, incredulous
sub-pa2176	6,3,2,5,4,1	1	1	3	1	1	1	4	5	4	5	5	5	n/a	n/a
sub-pa2207	7,6,5,4,3,2,1	3	4	3	4	2	1	3	5	4	5	3	3	n/a	aghast, dubious, imploring, incredulous, pensive
sub-pa2214	3,6,4,2,5,1	3	2	3	2	3	1	4	4	4	3	4	5	n/a	n/a
sub-pa2241	3,1,5,2,6,4	4	2	5	3	4	1	2	5	3	4	2	5	R2	aghast, apologetic, bewildered, contented, dubious, eager, earnest, imploring, incredulous, insisting, insulting, intrigued, pensive, perplexed, sympathetic
sub-pa2247	6,2,1,4,3,5	3	1	5	2	1	1	4	4	4	4	4	5	n/a	n/a
sub-pa2267	3,1,2,6,5,4	4	2	1	2	2	1	3	3	2	5	3	5	R2	n/a
sub-pa2274	4,5,6,2,1,3	n/an	n/an	n/an	n/an	n/an	n/an	n/an	n/an	n/an	n/an	n/an	n/an	n/an	aghast, despondent, dubious, pensive
sub-pa2294	6,5,2,3,4,1	3	3	4	1	3	1	2	2	2	3	2	5	movies, R1, R2	aghast, dubious
sub-pa2315	5,4,3,2,6,1	3	1	3	2	1	1	4	4	4	4	4	4	n/a	n/a
sub-pa2321	6,4,1,3,5,2	4	3	5	3	5	1	3	5	3	5	3	5	n/a	incredulous, pensive
sub-pa2357	6,5,1,2,3,4	5	1	3	2	3	1	4	5	2	5	5	4	n/a	despondent,imploring, incredulous
sub-pa2376	6,1,3,5,4,2	3	2	5	2	3	1	4	3	3	3	4	2	R1	n/a
sub-pa2391	1,2,5,3,4,6	3	1	5	2	4	1	4	3	5	4	5	2	n/a	despondent, dispirited, imploring, tentative
sub-pa2465	6,4,2,5,1,3	1	1	4	1	1	1	1	1	4	1	1	1	n/a	aghast
sub-pa2471	1,4,6,3,5,2	5	1	1	1	1	1	4	4	1	4	3	5	n/a	despondent, incredulous
sub-pa2475	6,3,1,4,2,5	5	3	4	1	2	1	1	2	4	5	2	4	n/a	aghast,baffled,contemplative,contented,despondent,dubious,flustered,incredulous,pensive
sub-pa2526	1,3,6,4,2,5	5	3	1	4	3	1	5	3	3	4	5	4	n/a	n/a
sub-pa2531	2,5,3,6,1,4	5	3	3	2	2	1	4	5	3	5	5	2	R1, R2	n/a
sub-pa2550	1,2,4,3,5,6	2	2	2	2	3	2	4	4	3	4	3	4	gradCPT, R2	n/a
sub-pa2554	6,1,5,4,3,2	2	1	3	4	2	1	2	1	3	4	2	1	n/a	aghast, despondent,dubious
sub-pa2572	2,3,1,5,6,4	5	1	2	1	1	1	4	5	2	4	2	1	n/a	defiant, flustered,imploring,incredulous,pensive,perplexed
sub-pa2586	3,5,6,4,1,2	2	2	2	3	5	1	5	5	3	4	5	4	n/a	imploring
sub-pa2591	2,5,4,6,3,1	4	2	5	2	4	1	4	4	1	4	5	5	n/a	imploring
sub-pa2629	6,3,2,5,1,4	5	2	5	3	3	1	3	4	1	3	5	2	n/a	n/a
sub-pa2654	5,1,3,2,6,4	2	3	4	3	2	1	4	3	1	3	2	2	n/a	aghast, dubious, imploring, incredulous,
sub-pa2696	4,1,3,5,6,2	5	3	3	5	2	1	2	2	2	2	2	4	R1, NBack, gradCPT, R2	aghast, contemplative, contented, defiant, despondent, dispirited, dubious, incredulous
sub-pa2706	5,1,6,3,2,4	4	1	1	4	4	1	5	5	5	5	5	1	eyes, R1, R2	n/a
sub-pa2762	5,3,6,4,1,2	1	1	1	1	1	1	4	3	3	3	3	3	SST, gradCPT, movies, R1, R2	imploring, incredulous
sub-pa2847	3,2,6,1,4,5	4	2	1	2	2	1	2	2	1	2	2	3	card guessing	despondent
sub-pa2888	4,3,6,2,5,1	3	3	3	3	3	3	5	5	3	4	2	1	n/a	aghast, despondent,imploring, incredulous
sub-pa2907	4,6,5,2,3,1	4	3	3	3	1	1	5	5	3	3	4	5	card guessing, gradCPT	n/a
sub-pa2910	4,5,6,3,2,1	3	1	1	5	4	1	1	4	4	2	1	5	R1	n/a
sub-pa2925	4,5,3,1,6,2	5	3	3	2	3	1	4	5	3	5	4	5	n/a	despondent,incredulous,tentative
sub-pa2932	3,4,2,6,1,5	5	3	3	4	2	1	4	4	5	5	5	3	n/a	n/a
sub-pa2944	2,4,6,5,1,3	3	3	4	3	3	1	2	4	2	3	4	5	n/a	aghast,despondent,dubious,incredulous,pensive,
sub-pa2950	4,3,5,1,6,2	4	4	2	2	3	1	4	3	3	4	4	4	n/a	n/a
sub-pa2960	2,4,5,1,3,6	5	2	5	1	5	1	2	4	1	4	2	4	n/a	n/a
sub-pa2971	2,3,1,6,5,4	5	4	4	2	1	1	5	5	3	5	5	3	n/a	contented,despondent,incredulous,pensive
sub-pa2985	3,1,2,5,6,4	4	1	5	3	3	1	4	5	3	3	4	1	R1, R2	aghast,apologetic,baffled,bewildered,despondent,dispirited,dubious,pensive,stern
sub-pa2996	5,4,2,3,1,6	2	1	2	5	1	1	3	5	1	2	5	5	n/a	aghast,bewildered,contemplative,despondent,dubious,flustered,incredulous,pensive,perplexed,tentative
sub-pa3004	1,2,3,6,4,5	5	4	3	3	3	1	5	5	3	5	4	2	n/a	incredulous
sub-pa3016	4,2,1,3,5,6	3	1	2	3	2	1	2	1	1	2	3	1	R2	aghast,dubious,pensive
sub-pa3024	2,4,6,3,1,5	4	1	1	3	4	1	3	5	5	4	2	5	n/a	dubious,incredulous,intrigued,pensive
sub-pa3153	2,1,5,4,6,3	5	1	5	3	3	1	5	3	5	5	4	5	R2	aghast,apologetic,baffled,bewildered,despondent,dispirited,flirtatious,panicked,pensive,stern
sub-pa3179	6,2,5,1,4,3	5	2	3	2	3	1	3	3	2	2	4	4	n/a	n/a
sub-pa3280	3,6,2,4,1,5	5	2	4	1	5	1	5	5	5	5	3	4	n/a	dubious,incredulous,pensive
sub-pa3311	2,3,5,4,1,6	5	4	4	4	1	1	5	4	3	5	5	3	SST, card guessing, R2	n/a
sub-pa3331	2,5,1,6,4,3	5	2	3	2	4	1	3	4	3	3	3	4	n/a	dubious,earnest
sub-pa3356	3,5,1,2,6,4	5	3	3	2	2	1	4	1	1	2	4	2	n/a	n/a
sub-pa3382	3,6,4,1,5,2	5	4	2	4	3	3	3	4	2	5	4	4	n/a	aghast,defiant
sub-pa3419	4,3,5,1,2,6	5	3	1	3	5	1	4	5	5	5	3	5	n/a	aghast,baffled,despondent,flustered,pensive
sub-pa3429	3,6,4,5,2,1	3	1	4	2	1	1	5	4	5	3	3	4	n/a	incredulous
sub-pa3462	4,6,1,2,3,5	4	3	1	3	3	1	5	4	3	4	5	3	n/a	n/a
sub-pa3504	2,4,3,6,5,1	4	3	4	5	1	1	4	4	2	3	3	4	n/a	n/a
sub-pa3567	5,1,2,6,3,4	4	2	3	3	1	1	5	4	5	3	4	4	n/a	n/a
sub-pa3587	2,5,6,3,4,1	5	2	3	2	5	1	2	4	3	4	1	5	card guessing, R2	aghast,despondent,dubious,imploring,incredulous,pensive
sub-pa3615	3,2,1,5,6,4	5	3	5	2	5	1	5	5	1	3	5	3	n/a	imploring, incredulous
sub-pa3622	6,5,1,4,2,3	3	2	2	2	4	1	3	4	4	4	3	4	n/a	incredulous,pensive,tentative
sub-pa3639	5,2,1,4,6,3	5	2	3	2	2	1	2	4	3	3	2	2	n/a	n/a
sub-pa3658	2,4,1,5,3,6	4	4	3	4	3	1	4	3	3	4	4	5	n/a	n/a
sub-pa3691	6,5,3,2,4,1	5	2	3	1	3	1	3	4	4	3	4	5	R1	n/a
sub-pa3717	1,6,4,5,2,3	4	2	1	1	2	1	4	4	5	4	4	5	n/a	dubious, earnest, incredulous
sub-pa3722	5,4,3,6,2,1	3	3	2	3	4	1	4	4	4	4	4	2	n/a	n/a
sub-pa3736	6,2,1,4,5,3	4	3	2	1	1	1	5	5	3	4	4	4	n/a	n/a
sub-pa3741	6,5,4,2,1,3	4	3	1	5	2	1	4	3	1	5	5	2	n/a	n/a
sub-pa3751	5,3,6,2,4,1	3	2	4	2	5	1	5	4	3	3	5	2	n/a	n/a
sub-pa3822	2,4,6,5,3,1	n/an	n/an	n/an	n/an	n/an	n/an	n/an	n/an	n/an	n/an	n/an	n/an	n/an	n/a
sub-pa3880	1,3,6,2,5,4	5	2	1	3	3	1	5	5	4	5	4	3	n/a	n/a
sub-pa3897	6,4,2,3,5,1	4	1	2	1	4	1	2	5	4	5	3	5	Nback, gradCPT, R2	n/a
sub-pa3914	3,4,6,1,2,5	4	1	1	1	1	1	5	5	5	5	5	5	R1	aghast,amused,assertive,baffled,bewildered,contemplative,defiant,dubious,earnest,perplexed,preoccupied,tentative
sub-pa3917	1,3,2,6,5,4	4	1	2	1	3	1	4	5	4	5	4	5	n/a	aghast,bewildered,despondent
sub-pa3945	3,6,1,2,5,4	5	1	3	1	2	1	2	5	5	5	3	5	n/a	affection/ate,aghast,assertive,baffled,bewildered,contemplative,decisive,defiant,despondent,dispirited,dubious,ernest,imploring,incredulous,indecisive,pensive,perplexed,reassuring,resentful,stern
sub-pa3956	6,3,5,4,1,2	5	4	3	3	1	1	2	4	3	4	5	2	n/a	n/a
sub-pa3960	4,2,6,5,1,3	5	2	4	3	3	1	3	5	5	3	4	5	n/a	n/a
sub-pa3965	1,3,2,6,4,5	2	2	3	3	2	1	2	4	2	4	3	1	n/a	n/a
sub-pa3983	4,6,2,3,1,5	5	2	5	3	4	1	4	3	3	4	5	5	R2	aghats, baffled, reassuring
sub-pa4021	1,6,5,4,3,2	5	1	3	1	3	1	2	5	3	5	4	5	n/a	n/a
sub-pa4039	3,1,4,6,2,5	5	2	5	2	5	1	5	4	5	4	4	1	movies, R1, R2	flustered, incredulous
sub-pa4053	2,6,4,3,1,5	5	1	1	1	1	1	3	5	5	5	5	1	n/a	n/a
sub-pa4063	5,4,1,2,6,3	5	2	4	2	3	1	2	5	4	5	4	5	n/a	aghast,dubious,incredulous
sub-pa4082	3,5,4,1,6,2	4	3	3	4	5	1	5	5	5	5	5	5	n/a	dubious
sub-pa4104	5,6,1,2,3,4	3	4	5	3	4	1	4	5	2	4	5	4	n/a	aghast,contented,dubious
sub-pa4107	4,3,6,2,1,5	3	2	1	3	5	1	3	2	1	3	3	4	n/a	aghast, despondent,dubious
sub-pa4113	5,2,1,3,6,4	4	4	4	2	3	1	4	2	2	4	4	2	SST, card guessing, R1	n/a
sub-pa4123	3,5,1,4,6,2	4	3	3	2	2	1	5	3	2	3	5	4	n/a	n/a
sub-pa4131	2,6,3,5,1,4	4	1	1	2	1	1	4	3	2	5	5	5	n/a	aghast
sub-pa4178	6,5,2,1,3,4	5	1	3	1	3	1	5	1	3	1	3	1	n/a	aghast,contemplative,dubious,pensive
sub-pa4182	5,4,3,2,1,6	4	2	2	2	3	1	4	4	2	5	4	5	n/a	despondent,dubious,earnest,incredulous
sub-pa4196	6,1,2,3,5,4	5	2	4	1	3	1	4	3	3	3	3	2	n/a	n/a
sub-pa4210	1,5,3,2,6,4	3	2	1	4	2	1	4	2	4	5	5	5	n/a	incredulous
sub-pa4218	3,5,2,4,6,1	5	1	5	2	5	1	1	5	2	5	2	5	Nback, eyes, R1, R2	contemplatove,pensive
sub-pa4225	5,6,2,4,1,3	5	2	3	2	4	1	5	5	5	3	5	4	n/a	aghast, contemplative, despondent, dubious, imploring, incredulous, pensive
sub-pa4230	1,2,6,4,3,5	5	3	1	3	1	1	4	2	3	2	5	4	n/a	n/a
sub-pa4253	4,3,2,6,5,1	2	1	3	2	1	1	3	4	4	5	5	2	n/a	n/a
sub-pa4257	5,6,1,4,3,2	4	2	2	1	3	1	5	5	3	4	4	5	n/a	despondent, dispirited
sub-pa4271	3,4,1,5,2,6	1	1	1	1	1	1	1	1	1	1	1	1	n/a	aghast,assertive,incredulous
sub-pa4288	6,3,4,5,2,1	4	4	3	4	4	4	5	5	5	5	5	5	Nback, R1	aghast
sub-pa4299	5,6,3,4,2,1	4	2	1	4	3	1	5	4	1	4	3	2	n/a	n/a
sub-pa4344	1,2,4,6,5,3	5	2	1	1	3	1	5	3	1	4	4	2	n/a	n/a
sub-pa4349	2,4,1,6,5,3	5	3	1	3	3	1	4	4	2	3	4	5	n/a	n/a
sub-pa4365	3,4,1,6,5,2	2	1	1	1	3	1	5	5	5	5	5	2	n/a	n/a
sub-pa4382	6,4,3,2,1,5	5	3	2	3	3	1	3	4	3	4	5	5	R1, R2	n/a
sub-pa4387	4,6,5,1,3,2	4	1	1	2	5	1	5	5	4	4	5	3	n/a	n/a
sub-pa4398	2,1,6,3,5,4	4	1	3	3	5	1	5	5	2	4	1	1	n/a	incredulous
sub-pa4404	3,1,2,4,6,5	5	4	1	3	3	1	4	4	3	5	4	4	n/a	aghast, despondent, incredulous
sub-pa4418	4,5,6,1,3,2	3	1	3	1	2	1	4	3	2	5	5	2	R1	n/a
sub-pa4422	6,4,2,3,1,5	5	3	4	4	3	1	5	2	1	5	4	2	n/a	incredulous
sub-pa4456	3,6,2,5,4,1	5	2	4	2	5	1	3	5	4	4	3	1	n/a	n/a
sub-pa4464	5,1,3,4,6,2	5	2	1	2	3	1	5	5	2	4	5	3	R1	n/a
sub-pa4487	5,4,1,3,6,2	5	2	4	1	1	1	4	5	5	5	5	5	n/a	n/a
sub-pa4506	2,1,5,4,3,6	5	1	4	4	1	1	2	5	5	5	5	5	card guessing, R1	pensive
sub-pa4521	2,4,1,6,3,5	5	4	4	4	4	1	5	5	4	5	5	4	n/a	n/a
sub-pa4527	5,6,2,4,3,1	5	3	2	2	2	2	2	2	2	2	2	2	n/a	n/a
sub-pa4534	4,2,6,3,1,5	4	2	4	5	2	1	4	3	3	5	3	5	n/a	aghast, pensive
sub-pa4552	6,1,4,3,5,2	5	3	3	2	4	1	2	5	5	2	5	5	R2	n/a
sub-pa4587	2,4,5,1,6,3	4	3	2	2	1	1	4	2	2	2	3	3	n/a	n/a
sub-pa4589	3,2,5,4,6,1	4	2	4	5	3	1	4	5	4	3	4	3	n/a	n/a
sub-pa4601	2,3,6,1,5,4	3	2	3	1	1	1	4	4	2	3	3	4	n/a	n/a
sub-pa4605	5,2,3,1,4,6	5	2	1	3	2	1	5	3	1	5	5	4	n/a	n/a
sub-pa4630	3,4,5,6,2,1	5	1	3	1	1	1	5	4	1	3	2	3	n/a	n/a
sub-pa4640	3,5,6,1,2,4	2	3	2	3	3	1	3	5	3	3	3	4	Nback	aghast, arrogant, baffled, contemplative, contented, decisive, defiant, despondent, dispirited, earnest, imploring, incredulous, indecisive, pensive, perplexed, stern, sympathetic, tentative
sub-pa4653	3,1,4,5,6,2	3	2	n/a	3	3	1	2	3	1	2	4	3	n/a	n/a
sub-pa4691	6,2,5,4,3,1	1	1	1	1	1	1	5	5	5	5	5	5	n/a	aghast, imploring, incredulous, perplexed
sub-pa4698	2,4,1,3,5,6	4	3	5	2	5	1	2	3	3	5	1	5	R2	n/a
sub-pa4712	1,4,6,5,3,2	2	2	3	2	5	1	5	5	5	5	5	5	n/a	aghast, incredulous
sub-pa4716	2,3,5,1,4,6	4	2	1	3	4	1	3	4	5	5	5	2	n/a	pensive
sub-pa4732	4,1,3,6,2,5	5	2	1	3	2	1	3	5	2	5	3	5	n/a	pensive
sub-pa4735	2,1,6,4,3,5	5	2	3	2	2	1	5	5	5	5	5	3	n/a	n/a
sub-pa4746	3,6,1,5,4,2	4	2	3	2	4	1	4	3	2	3	4	1	R2	n/a
sub-pa4752	3,5,2,1,4,6	5	3	3	4	2	1	4	4	2	3	4	5	n/a	dubious
sub-pa4763	4,3,6,5,2,1	4	1	1	3	3	1	2	5	5	3	3	5	n/a	n/a
sub-pa4768	6,5,2,1,4,3	5	2	4	3	4	1	3	5	3	5	4	2	n/a	n/a
sub-pa4781	2,1,4,5,6,3	5	2	4	1	2	1	3	5	4	5	2	4	n/a	pensive, tentative
sub-pa4795	3,1,6,5,2,4	3	2	2	2	5	3	3	4	5	4	2	2	n/a	n/a
sub-pa4798	6,1,2,3,4,5	4	2	2	3	4	1	3	5	3	4	2	5	n/an	aghast, dubious, incredulous
sub-pa4811	1,5,2,4,6,3	2	1	2	1	1	1	4	4	3	4	4	4	n/a	n/a
sub-pa4816	1,3,6,4,5,2	5	1	4	4	2	1	5	5	2	3	5	5	card guessing, gradCPT, R1	n/a
sub-pa4833	2,3,6,5,1,4	3	1	2	2	3	1	2	5	5	4	3	5	n/a	imploring
sub-pa4839	2,1,3,4,5,6	3	2	5	5	4	1	3	5	4	4	2	5	eyes	n/a
sub-pa4867	3,5,4,6,2,1	4	2	3	1	1	1	5	2	1	5	5	5	Nback, movies	aghast, baffled, dubious, imploring, pensive
sub-pa4875	2,6,4,5,3,1	1	2	3	2	2	1	2	4	5	3	4	5	n/a	n/a
sub-pa4877	2,4,6,1,3,5	5	2	2	1	2	1	1	3	1	4	3	1	n/a	n/a
sub-pa4880	4,6,2,1,3,5	5	1	2	1	1	1	1	5	5	4	2	5	n/a	n/a
sub-pa4888	3,4,5,1,2,6	5	2	3	3	3	1	5	4	4	5	5	5	SST, R2	n/a
sub-pa4891	2,6,4,3,5,1	3	3	3	3	3	3	1	1	1	1	1	1	Nback, card guessing, gradCPT, eyes, movies, R1, R2	despondent, pensive
sub-pa4894	6,3,2,4,5,1	4	2	3	3	5	1	3	3	2	3	4	4	R1	contented, dispirited, imploring, incredulous, pensive
sub-pa4907	2,6,5,1,3,4	4	3	5	1	5	1	5	5	5	5	5	5	n/a	n/a
sub-pa4911	3,4,6,2,5,1	2	3	4	1	2	1	3	4	5	5	3	5	n/a	aghast
sub-pa4924	6,3,1,4,5,2	5	3	4	2	4	1	4	4	4	3	3	4	n/a	n/a
sub-pa4928	2,5,3,4,1,6	2	2	2	2	2	2	3	3	3	3	3	3	eyes, R1	n/a
sub-pa4941	3,1,4,2,6,5	5	2	2	3	3	1	5	5	5	5	5	5	R1	n/a
sub-pa4959	4,6,3,5,1,2	1	1	3	1	1	1	5	5	5	5	5	5	gradCPT, movies	n/a
sub-pa4974	3,2,4,5,1,6	n/an	2	2	3	5	1	4	4	5	4	4	5	gradCPT, eyes, R2	n/a
sub-pa4989	1,3,2,4,6,5	4	3	4	2	2	1	4	3	2	4	3	4	n/a	contented, incredulous
sub-pa5011	6,4,3,5,1,2	3	2	3	5	3	1	5	5	5	5	5	5	n/a	n/an
sub-pa5015	3,1,4,5,2,6	5	3	3	2	2	1	4	5	5	5	5	5	n/a	aghast, dubious, incredulous
sub-pa5026	4,2,1,6,5,3	3	3	1	1	1	1	4	4	4	4	4	4	n/a	n/a
sub-pa5030	4,1,6,2,3,5	3	1	1	3	4	1	2	4	5	2	3	1	Nback, gradCPT, R1, R2	n/a
sub-pa5040	1,5,4,3,6,2	5	3	2	2	3	1	4	3	1	3	1	3	R1, R2	n/a
sub-pa5054	5,1,6,3,4,2	5	2	5	3	2	1	4	4	1	2	5	5	n/a	despondent, dubious, incredulous
sub-pa5057	2,5,1,3,4,6	4	1	1	1	4	1	2	2	2	2	2	2	n/a	n/a
sub-pa5065	4,2,5,1,3,6	5	4	4	3	1	1	2	3	3	4	2	3	R1	aghast, bewildered, contemplative, defiant, despondent, dubious, flirtatious, flustered, imploring, incredulous, pensive, perplexed, stern
sub-pa5069	1,4,3,5,6,2	5	3	5	3	2	1	5	5	1	5	5	4	n/a	aghast, baffled, despondent, flustered, imploring, incredulous, pensive, stern
sub-pa5076	1,5,2,4,3,6	5	1	1	2	4	1	3	5	3	4	5	4	gradCPT, movies, R1, R2	aghast, assertive, baffled, bewildered, contemplative, contented, defiant, despondent, dubious, flustered, imploring, incredulous, intrigued, pensive, perplexed, reassuring, resentful, stern, tentative
sub-pa5097	1,2,5,3,6,4	4	3	2	4	3	1	4	3	2	3	4	2	n/a	dispirited
sub-pa5101	5,6,4,1,2,3	4	1	1	2	3	1	5	3	3	2	3	1	n/a	contented, dubious, incredulous, pensive
sub-pa5104	5,6,3,1,4,2	5	5	3	1	5	1	1	1	3	5	1	5	SST	aghast, dubious, imploring, pensive, tentative
sub-pa5120	4,3,5,6,1,2	5	3	5	2	5	5	4	4	2	5	2	3	card guessing, eyes, movies	aghast, despondent, dubious, imploring, incredulous, pensive, tentative
sub-pa5132	2,6,1,4,3,5	5	1	5	2	5	1	3	5	2	2	3	5	n/a	dubious
sub-pa5141	6,4,2,1,3,5	5	3	2	3	3	1	5	5	4	3	4	4	n/a	n/a
sub-pa5170	5,3,2,1,4,6	5	2	1	2	4	1	4	2	3	4	4	4	n/a	aghast, imploring, incredulous, stern
sub-pa5176	5,1,2,3,6,4	5	2	2	3	4	1	5	4	3	4	4	2	n/a	n/a
sub-pa5189	1,2,3,6,5,4	5	2	5	3	3	1	2	4	1	4	4	5	n/a	n/a
sub-pa5197	1,2,6,5,4,3	5	2	5	2	3	1	5	4	5	4	5	4	n/a	despondent, incredulous, pensive
sub-pa5207	4,1,5,2,6,3	4	2	2	2	3	1	5	2	2	3	5	3	n/a	n/a
sub-pa5215	1,4,2,3,5,6	4	3	3	2	2	1	5	5	2	4	3	3	n/a	n/a
sub-pa5231	1,5,4,2,6,3	4	2	5	3	3	1	4	5	4	4	5	5	n/a	despondent
sub-pa5249	6,4,3,2,5,1	4	2	4	1	2	1	4	5	4	5	4	5	n/a	despondent, pensive
sub-pa5265	3,6,2,1,4,5	4	2	1	3	3	1	5	5	5	5	5	5	n/a	n/a
sub-pa5271	2,3,1,5,4,6	3	1	1	2	3	1	1	1	1	5	1	1	Nback, R1	aghast, imploring
sub-pa5287	2,1,4,5,3,6	5	4	3	4	1	1	5	5	3	4	5	4	n/a	n/a
sub-pa5315	4,5,2,1,6,3	5	1	4	1	3	1	4	4	3	3	5	3	n/a	aghast, incredulous
sub-pa5325	1,3,6,5,4,2	3	2	5	4	3	1	5	5	4	5	5	5	R1	n/a
sub-pa5328	5,6,1,2,4,3	4	2	3	2	4	1	4	4	2	4	4	2	n/a	incredulous
sub-pa5347	5,3,2,6,4,1	3	2	1	2	2	1	4	4	2	4	4	2	n/a	n/a
sub-pa5352	3,2,4,6,1,5	4	2	3	3	3	1	5	5	5	5	2	1	n/a	incredulous
sub-pa5369	5,4,2,3,6,1	5	2	3	2	5	1	5	3	3	5	2	2	n/a	contented, despondent, pensive, incredulous, tentative
sub-pa5374	4,3,2,1,6,5	4	2	2	2	3	1	5	5	5	5	5	5	n/a	n/a
sub-pa5393	6,2,4,3,5,1	4	3	3	3	2	1	5	3	2	4	4	5	n/a	despondent
sub-pa5398	2,5,1,4,6,3	4	2	2	4	2	1	5	3	3	4	5	5	n/a	n/a
sub-pa5406	4,2,3,5,6,1	5	2	5	2	5	1	3	5	2	5	4	4	card guessing, eyes	n/a
sub-pa5410	1,2,4,3,6,5	4	5	3	3	1	1	5	5	3	4	5	3	n/a	n/a
sub-pa5423	1,4,5,2,3,6	5	2	4	1	1	1	2	4	5	5	2	5	SST, R2	aghast, baffled, despondent, pensive
sub-pa5426	1,2,3,4,5,6	4	3	4	3	3	1	3	4	3	5	4	5	n/a	incredulous
sub-pa5460	5,6,2,1,3,4	4	2	2	2	1	1	4	4	3	5	2	5	eyes, R1	accusing, affection/ate, aghast, baffled, contemplative, imploring, intrigued, tentative
sub-pa5475	5,2,3,6,4,1	5	4	5	1	3	1	5	5	3	5	3	5	n/a	n/a
sub-pa5481	3,5,2,1,6,4	3	3	3	3	3	3	5	5	5	5	5	5	SST, eyes	n/a
sub-pa5492	4,6,5,2,1,3	4	1	3	5	1	1	2	5	5	4	5	4	n/a	n/a
sub-pa5515	2,4,3,6,1,5	2	3	5	5	5	1	5	5	4	4	5	4	R1	aghast, despondent, dubious
sub-pa5541	5,6,1,3,4,2	5	1	4	1	2	1	3	5	2	4	4	5	n/a	n/a
sub-pa5553	2,4,3,1,5,6	4	3	5	1	2	1	4	5	4	5	4	5	n/a	n/a
sub-pa5567	1,6,2,4,5,3	4	1	n/an	3	3	1	4	3	n/an	5	3	4	n/a	despondent, dispirited, imploring, incredulous, pensive
sub-pa5573	2,1,6,5,4,3	3	1	2	3	2	1	5	5	5	5	5	4	n/a	n/a
sub-pa5592	5,1,6,2,4,3	5	2	2	4	4	1	5	4	4	5	3	5	n/a	n/a
sub-pa5616	3,1,4,6,5,2	2	3	3	4	2	1	2	4	3	3	3	5	nback, SST, card guessing, gradCPT, eyes, movies, R1,R2	aghast, bewildered, contented, despondent, earnest, imploring, incredulous, insisting, pensive, tentative
sub-pa5622	1,3,4,6,5,2	3	2	2	3	2	1	4	4	4	4	4	4	n/a	n/a
sub-pa5635	5,3,1,2,6,4	5	2	3	3	5	1	5	5	3	5	5	5	n/a	n/a
sub-pa5641	4,2,6,5,3,1	4	2	4	2	1	1	3	4	3	2	3	5	n/a	despondent
sub-pa5645	4,6,1,3,2,5	5	2	n/an	2	1	1	5	4	5	5	5	4	n/a	aghast
sub-pa5656	1,6,4,2,3,5	4	2	1	3	3	1	3	3	3	3	3	3	R1	aghast, contented, despondent, dubious, imploring, incredulous, pensive, stern
sub-pa5661	6,5,3,4,2,1	4	2	4	2	5	1	4	3	2	4	5	4	card guessing, R2	n/a
sub-pa5671	4,1,2,3,6,5	2	3	4	2	3	1	5	4	2	3	2	1	card guessing, eyes, movies, R1	aghast, despodent, dubious, earnest, imploring, pensive
sub-pa5678	4,6,5,3,1,2	5	3	1	1	2	1	4	4	1	3	4	4	n/a	incredulous
sub-pa5834	1,4,5,3,6,2	4	2	5	1	3	4	2	5	1	4	2	4	R1	aghast, amused, baffled, despondent, flirtatious
sub-pa5837	3,6,2,5,1,4	5	2	4	2	4	1	3	5	4	4	2	3	n/a	aghast, baffled, bewildered, contemplative, flustered, incredulous
sub-pa5849	4,1,3,5,2,6	4	2	2	3	4	1	5	2	2	5	4	3	n/a	aghast, despondent, dubious, incredulous
sub-pa5859	1,5,4,2,3,6	4	1	5	1	2	1	4	5	1	5	1	5	n/a	contented
sub-pa5861	4,2,5,6,3,1	4	2	3	2	3	1	3	5	5	5	3	4	R1, R2	aghast, anticipating, baffled, contemplative, defiant, despondent, dubious, flustered, imploring, intrigued, pensive, resentful, stern
sub-pa5873	5,6,3,2,1,4	5	2	5	4	3	1	5	5	4	5	5	3	n/a	n/a
sub-pa5876	2,5,6,1,3,4	2	1	2	1	3	1	2	2	1	1	1	1	n/a	aghast, contemplative, pensive
sub-pa5884	5,2,1,6,3,4	3	2	5	4	3	1	5	5	5	5	5	5	n/a	dubious, pensive
sub-pa5886	6,5,4,3,2,1	5	4	2	4	3	1	3	5	4	3	2	5	n/a	n/a
sub-pa5896	6,1,4,5,3,2	5	2	4	4	3	1	1	3	2	3	5	5	Nback, gradCPT	n/a
sub-pa5900	5,4,3,1,2,6	3	2	5	1	1	1	4	4	3	5	1	2	eyes, R1, R2	bewildered, despondent, imploring, pensive, stern
sub-pa5916	1,4,6,2,3,5	3	2	3	4	4	1	4	4	4	3	3	5	n/a	aghast, bewildered, dubious, pensive
sub-pa5933	6,2,3,4,1,5	5	3	4	2	2	1	2	3	3	3	4	5	n/a	n/a
sub-pa5942	2,6,3,1,5,4	5	2	1	4	3	1	3	4	3	2	4	5	n/a	n/a
sub-pa5947	5,6,2,1,4,3	5	1	1	1	1	1	1	3	2	3	4	5	gradCPT	aghast, baffled, bewildered, dubious, incredulous, intrigued, stern
sub-pa5953	4,6,1,2,5,3	3	2	4	2	4	1	3	5	4	5	3	5	n/a	despondent, dispirited, incredulous, pensive
sub-pa5962	3,2,6,4,5,1	5	3	3	2	4	1	1	3	3	3	3	5	n/a	despondent, dubious, incredulous
sub-pa5969	6,3,5,1,4,2	4	3	2	3	2	1	5	4	2	5	5	2	n/a	n/a
sub-pa5973	6,5,1,2,4,3	2	2	4	3	5	1	4	4	3	3	3	2	n/a	despondent, imploring, incredulous
sub-pa5982	3,1,4,2,5,6	5	3	1	3	3	1	3	2	2	3	5	4	R1, SST	n/a
sub-pa5995	3,2,1,5,4,6	5	3	2	3	2	1	3	5	3	5	5	2	n/a	n/a
sub-pa6001	1,2,6,4,5,3	5	4	2	3	5	1	5	5	5	5	5	3	n/a	n/a
sub-pa6013	4,5,3,6,1,2	5	3	5	2	3	1	5	5	3	4	2	1	n/a	aghast, despondent, dispirited, incredulous
sub-pa6019	6,3,4,2,5,1	5	2	1	3	4	1	5	4	4	3	4	5	n/a	aghast, baffled, contemplative, defiant, despondent, dubious, earnest, flustered, imploring, incredulous, pensive, perplexed, stern, tentative
sub-pa6024	4,6,5,1,2,3	5	3	1	2	4	1	4	4	1	3	4	5	n/a	n/a
sub-pa6033	3,2,5,1,4,6	5	3	4	2	1	1	5	5	5	5	5	5	n/a	n/a
sub-pa6039	2,4,3,1,6,5	4	1	1	3	2	1	4	5	3	3	1	4	n/a	n/a
sub-pa6044	4,1,6,3,5,2	5	3	1	3	1	1	4	3	2	2	3	1	n/a	n/a
sub-pa6050	6,1,4,2,3,5	4	1	3	1	5	1	5	5	5	5	5	4	n/a	n/a
sub-pa6058	4,2,1,6,3,5	4	1	2	1	1	2	5	5	5	5	5	5	n/a	n/a
sub-pa6064	2,6,5,1,4,3	5	3	3	4	3	1	5	4	5	5	3	2	n/a	n/a
sub-pa6072	3,4,5,2,1,6	5	3	2	2	1	1	5	5	5	5	5	5	n/a	n/a
sub-pa6079	4,6,3,5,2,1	5	3	4	3	4	1	3	4	4	3	3	5	n/a	imploring
sub-pa6090	3,1,2,4,5,6	2	3	3	3	4	1	4	5	3	4	3	5	n/a	aghast, imploring, incredulous
sub-pa6099	1,6,2,4,3,5	5	1	2	3	1	1	5	5	2	3	2	4	n/a	n/a
sub-pa6115	3,5,4,2,6,1	2	1	2	2	3	1	1	1	1	1	1	1	R1	aghast, dubious, pensive
sub-pa6121	2,6,4,1,5,3	4	2	4	2	2	1	5	5	2	5	5	5	n/a	incredulous
sub-pa6128	3,4,2,5,6,1	4	2	1	3	3	1	5	3	2	2	5	2	n/a	despondent
sub-pa6132	1,3,5,6,2,4	4	3	1	2	2	1	5	5	4	5	4	4	n/a	n/a
sub-pa6146	1,3,4,2,6,5	5	5	5	3	5	1	5	5	5	5	5	5	n/a	baffled, bewildered, despondent, earnest
sub-pa6150	5,3,6,1,4,2	5	3	5	2	3	1	4	5	1	3	5	3	n/a	n/a
sub-pa6169	4,6,2,3,5,1	4	3	5	4	3	1	5	4	3	5	5	5	n/a	n/a
sub-pa6177	3,4,2,6,5,1	5	3	4	2	2	1	5	4	3	3	2	4	n/a	aghast, incredulous, pensive
sub-pa6186	2,3,4,1,6,5	5	3	1	2	2	1	2	4	1	5	5	5	nback, card guessing, R1, R2	aghast, despondent, earnest, flustered, stern
sub-pa6205	1,4,3,2,5,6	4	2	1	4	3	1	4	2	1	4	3	5	n/a	n/a
sub-pa6240	2,5,1,4,3,6	3	2	3	2	2	1	5	4	3	4	5	4	n/a	n/a
sub-pa6248	1,6,4,2,5,3	5	2	3	3	4	1	4	4	4	4	4	4	n/a	n/a
sub-pa6252	6,5,3,2,1,4	1	4	5	2	3	1	3	5	1	2	4	1	R1, R2	n/a
sub-pa6261	1,2,5,4,6,3	5	2	3	2	2	1	3	2	2	2	4	5	n/a	n/a
sub-pa6267	3,4,6,5,2,1	5	4	5	1	4	1	4	4	3	4	4	5	n/a	n/a
sub-pa6274	4,3,1,5,2,6	4	3	5	3	3	5	2	2	2	2	2	2	n/a	aghast, incredulous
sub-pa6289	5,3,2,4,6,1	3	2	4	1	1	1	n/an	5	5	4	n/an	5	n/a	aghast, despondent, dubious, earnest
sub-pa6302	6,3,1,5,4,2	1	2	3	3	4	1	4	4	5	5	5	5	n/a	aghast, baffled, despondent, dubious, incredulous, pensive, stern
sub-pa6310	2,3,5,4,1,6	4	3	3	2	4	1	4	5	5	5	4	4	n/a	n/a
sub-pa6316	2,6,3,4,1,5	5	1	2	1	4	1	4	1	1	1	1	2	nback	aghast, despondent, incredulous, pensive, stern
sub-pa6332	5,4,2,6,1,3	5	2	3	4	5	1	3	5	5	3	2	1	n/a	n/a
sub-pa6337	1,5,3,4,2,6	5	2	2	1	4	1	5	5	5	5	5	4	n/a	aghast, baffled, bewildered, defiant, despondent, flustered, stern, tentative
sub-pa6348	2,5,3,1,4,6	5	2	1	3	4	1	2	4	2	4	4	2	card guessing, SST, R2	accusing, affection/ate, aghast, assertive, baffled, bewildered, contented, decisive, defiant, despondent, dispirited, dubious, earnest, fantasizing, fascin/ated, flirtatious, flustered, hostile, imploring, incredulous, indecisive, indifferent, insulting, intrigued, pensive, perplexed, resentful, sarcastic, stern, tentative
sub-pa6368	5,4,2,1,3,6	3	3	2	2	2	1	5	5	5	5	5	5	n/a	despondent
sub-pa6384	3,6,1,2,4,5	4	2	1	1	1	1	2	5	2	5	5	4	n/a	n/a
sub-pa6398	3,4,1,2,5,6	4	3	1	3	2	1	5	5	3	5	5	3	n/a	n/a
sub-pa6411	6,2,5,3,4,1	5	2	5	1	4	1	5	5	5	5	5	2	n/a	n/a
sub-pa6464	2,3,4,6,1,5	4	1	1	3	3	1	3	5	1	5	3	3	R1,R2	despondent
sub-pa6472	6,1,3,5,2,4	4	4	5	2	4	1	5	5	5	5	5	5	n/a	n/a
sub-pb10024	6,5,2,4,3,1	4	2	1	1	1	1	5	5	5	3	4	5	R2	aghast
sub-pb10034	2,3,4,5,6,1	1	2	5	2	1	1	2	3	1	2	1	3	R2	aghast, incredulous
sub-pb10087	2,6,5,4,3,1	3	3	4	4	5	1	3	4	4	3	4	5	n/a	aghast, dubious, incredulous
sub-pb10096	3,2,4,6,5,1	5	4	3	3	5	3	4	5	2	5	4	2	n/a	incredulous
sub-pb10140	1,5,6,2,4,3	4	1	1	5	3	1	2	1	1	1	1	1	n/a	n/a
sub-pb10213	2,1,6,3,4,5	4	2	3	1	3	1	5	5	4	3	5	3	n/a	n/a
sub-pb10238	3,2,6,1,5,4	5	4	3	4	2	1	4	5	4	3	3	3	n/a	n/a
sub-pb10277	6,1,5,4,2,3	1	5	5	1	5	1	1	1	1	1	1	5	SST, movies	affection/ate, aghast, anticipating, apologetic, arrogant, assertive, baffled, bewildered, contemplative, contented, deciding, decisive, defiant, desire, despondent, dispirited, distrustful, domin/ant, doubtful, dubious, fascin/ated, flirtatious, flustered, imploring, incredulous, indecisive, insisting, intrigued, panicked,pensive, perplexed, preoccupied, reassuring, regretful, resentful, sarcastic, satisfied, skeptical, suspicious, tentative
sub-pb10286	1,5,6,3,4,2	5	2	2	2	4	1	5	5	4	3	5	4	R1, R2	aghast, bewildered, despondent, imploring, incredulous
sub-pb10322	4,1,5,3,2,6	4	2	5	2	5	1	2	5	4	5	2	5	n/a	n/a
sub-pb10359	3,5,2,4,1,6	5	2	1	1	1	1	5	1	1	1	1	1	n/a	aghast, defiant, despondent, dispirted, domin/ant, dubious, imploring, incredulous, indecisive, intrigued, pensive, perplexed, stern, tentative
sub-pb10398	4,6,1,5,3,2	4	3	1	4	3	1	5	5	2	5	3	2	n/a	aghast, despondent, incredulous, pensive
sub-pb10449	4,2,5,3,1,6	4	2	2	3	4	1	5	5	5	5	5	5	NBack, R2	aghast, incredulous, imploring, dubious
sub-pb10500	2,5,1,3,6,4	3	1	5	5	4	1	3	4	3	2	4	5	n/a	incredulous
sub-pb10542	1,2,4,5,6,3	3	1	1	1	3	1	1	5	4	5	5	4	R1	n/a
sub-pb3869	3,4,1,2,6,5	5	3	4	2	2	1	5	5	5	5	5	5	n/a	bewildered, dispirited
sub-pb4486	2,1,4,3,5,6	4	3	5	4	3	1	3	3	1	4	4	3	Nback, SST, R2	n/a
sub-pb4590	1,2,6,5,3,4	5	2	2	3	4	1	3	3	3	3	3	3	n/a	n/a
sub-pb4634	5,6,3,1,2,4	3	2	5	2	3	1	3	5	2	4	5	4	R1	n/a
sub-pb4719	4,5,2,1,3,7,6	5	2	3	2	3	1	5	5	3	3	4	4	n/a	n/a
sub-pb6890	6,4,5,1,7,2,3	4	3	5	2	3	1	5	5	5	5	5	5	R2	dubious
sub-pb7044	4,1,5,6,3,2	5	1	4	4	3	1	5	5	5	5	5	4	n/a	n/a
sub-pb7458	1,6,3,5,4,2	5	3	2	4	3	1	2	2	1	2	5	5	R1	n/a
sub-pb7643	4,3,5,2,1,6	5	4	2	5	3	1	5	2	1	5	5	4	SST, R1, R2	incredulous
sub-pb7728	5,6,2,3,4,1	4	1	3	2	3	1	3	5	2	4	2	5	R1, R2	n/a
sub-pb7853	2,4,5,3,6,1	4	1	1	1	2	1	4	5	5	5	5	5	n/a	aghast,dubious,incredulous
sub-pb7895	2 6 4 5 1 3	5	3	5	2	2	1	5	3	5	4	5	1	Nback, gradCPT, R1	aghast,dubious,incredulous
sub-pb7929	7,2,6,1,4,5,3	2	3	4	5	3	1	3	5	1	3	4	3	n/a	n/a
sub-pb8006	1,2,3,5,6,4	4	2	3	1	5	1	4	5	2	5	2	5	n/a	accusing,aghast,despondent
sub-pb8051	3,6,5,2,1,4	4	2	1	2	2	1	3	3	1	2	3	4	n/a	despondent
sub-pb8172	3,1,5,2,4,6	3	2	2	4	2	1	5	5	2	4	4	4	n/a	despondent, incredulous
sub-pb8179	7,1,2,6,3,5,4	2	2	4	5	3	1	2	2	2	2	5	5	Nback, card guessing	dispirited, incredulous, pensive
sub-pb8204	6,7,2,4,3,5,1	5	2	1	5	5	1	5	5	5	5	5	1	R2	dispirited
sub-pb8214	1,3,2,4,5,6	5	2	1	3	3	1	2	5	2	5	5	3	n/a	n/a
sub-pb8347	1,2,5,6,4,3	5	2	2	3	4	1	5	5	4	5	5	4	n/a	n/a
sub-pb8448	5,3,4 (exclude),6,2,1	5	2	2	3	3	n/an	4	4	3	3	5	n/an	n/a	n/a
sub-pb8487	4,3,1,6,5,2	4	2	2	4	3	1	4	4	3	5	4	5	n/a	n/a
sub-pb8614	2,3,5,1,6,4,2	5	1	3	1	2	1	3	5	3	5	5	5	R2	aghast, bewildered, despondent, flustered
sub-pb8708	6,5,3,1,4,2	5	3	5	3	2	1	3	5	2	4	5	4	n/a	n/a
sub-pb8759	5,1,4,3,6,2	4	1	3	5	5	1	2	5	5	5	5	5	n/a	n/a
sub-pb8807	6,2,5,1,3,4	2	2	2	2	3	1	4	4	4	4	4	4	R1	n/a
sub-pb9093	3,1,6,2,4,5	n/an	n/an	n/an	n/an	n/an	n/an	n/an	n/an	n/an	n/an	n/an	n/an	n/an	n/a
sub-pb9266	4,2,5,1,6,3	5	3	2	2	5	1	4	5	2	5	3	2	eyes	n/a
sub-pb9526	2,4,5,6,1,3	5	1	5	5	3	1	4	4	4	2	3	5	Nback, SST, card guessing, gradCPT, eyes, movies, R1, R2	aghast, despondent, dispirited, incredulous
sub-pb9702	4,3,1,6,2,5	4	1	3	1	5	1	2	1	1	3	5	5	Nback, SST, card guessing, R2	n/a
sub-pb9744	5,3,1,6,2,4	4	3	2	2	2	1	4	4	5	5	5	5	n/a	aghast, despondent, pensive
sub-pb9831	1,6,5,3,4,2	3	1	3	4	4	1	2	4	3	5	3	3	n/a	aghast, assertive, bewildered, contemplative, contented, despondent, dispirited, dubious, flustered, imploring, incredulous, indecisive, pensive, perplexed, stern, tentative
sub-pb9916	5,1,3,6,4,2	3	1	3	1	1	1	5	3	3	5	5	4	R2	aghast
sub-pb9953	4,3,2,1,5,6	5	1	3	1	5	1	1	3	4	4	2	5	Nback, R2	aghast, assertive, contemplative,contented,defin/at, dubious, fascin/ated,imploring,intrigued,pensive,resentful,stern
sub-pb9976	5,1,2,4,3,6	4	1	3	3	5	2	3	5	5	4	4	3	R1	aghast, baffled, bewildered, contemplstive, contented, despondent, dispirited, fantasizing, flustered, hostile, imploring, pensive, perplexed, relfective, stern
sub-pc0077	1,2,4,6,3,5	5	1	1	1	3	1	1	5	5	4	3	5	n/a	aghast, despondent, dubious, earnest, incredulous
sub-pc0218	4,1,2,3,5,6	2	1	2	2	1	1	5	5	4	5	5	4	n/a	n/a
sub-vd0034	1,5,4,6,2,3	4	3	4	3	5	1	4	3	3	4	5	1	n/a	aghast,assertive,baffled,bewildered,contemplative,contented,decisive,defiant,dubious,imploring,incredulous,indecisive,indifferent,perplexed,stern,tentative
sub-vd0084	1,4,2,6,3,5	4	5	3	3	3	1	5	4	3	5	5	3	n/a	despondent
sub-vd0115	4,3,2,6,1,5	5	2	2	2	3	1	4	4	4	4	4	4	n/a	contemplative, decisive, defiant, despondent, imploring, incredulous, pensive, tentative
sub-vd0116	1,3,2,5,4,6	4	3	2	4	5	1	4	5	4	4	5	3	n/a	n/a
