onset	duration	trial_type	task_condition	block_num	target	face_num	scene_num	response_time	key_pressed	correct_key	accuracy	trial_num
13.0325	0.9998	face	2-back	1	nontarget	42	n/a	n/a	n/a	B	0	1
15.0322	0.9999	face	2-back	1	nontarget	2	n/a	n/a	n/a	B	0	2
17.0321	1.0001	face	2-back	1	nontarget	9	n/a	0.8538	B	B	1	3
19.0319	1.0	face	2-back	1	nontarget	14	n/a	0.667	B	B	1	4
21.0318	0.9999	face	2-back	1	nontarget	46	n/a	n/a	n/a	B	0	5
23.0316	0.9999	face	2-back	1	nontarget	1	n/a	n/a	n/a	B	0	6
25.0315	1.0	face	2-back	1	nontarget	25	n/a	0.7927	B	B	1	7
27.0314	1.0	face	2-back	1	nontarget	49	n/a	0.5703	B	B	1	8
29.0312	0.9999	face	2-back	1	nontarget	40	n/a	n/a	n/a	B	0	9
31.0311	0.9999	face	2-back	1	nontarget	51	n/a	n/a	n/a	B	0	10
33.0309	0.9999	face	2-back	1	nontarget	43	n/a	n/a	n/a	B	0	11
35.0308	1.0	face	2-back	1	nontarget	23	n/a	0.7477	B	B	1	12
37.0306	0.9999	face	2-back	1	nontarget	48	n/a	n/a	n/a	B	0	13
39.0305	1.0	face	2-back	1	nontarget	16	n/a	0.9288	B	B	1	14
41.0304	0.9999	face	2-back	1	nontarget	44	n/a	n/a	n/a	B	0	15
43.0302	1.0	face	2-back	1	nontarget	24	n/a	0.6901	B	B	1	16
45.0301	1.0	face	2-back	1	nontarget	41	n/a	0.6002	B	B	1	17
47.0299	1.0	face	2-back	1	nontarget	21	n/a	0.3861	B	B	1	18
49.0298	1.0	face	2-back	1	nontarget	22	n/a	0.4372	B	B	1	19
51.0296	1.0	face	2-back	1	target	21	n/a	0.4715	B	n/a	0	20
53.0295	0.9999	face	2-back	1	nontarget	6	n/a	1.5136	B	B	1	21
55.0295	0.9998	face	2-back	1	nontarget	33	n/a	n/a	n/a	B	0	22
57.0292	1.0	face	2-back	1	target	6	n/a	0.5389	B	n/a	0	23
59.0291	0.9999	face	2-back	1	nontarget	32	n/a	n/a	n/a	B	0	24
61.0289	1.0	face	2-back	1	nontarget	4	n/a	0.6311	B	B	1	25
63.0288	1.0	face	2-back	1	target	32	n/a	0.6035	B	n/a	0	26
65.0286	0.9999	face	2-back	1	nontarget	52	n/a	n/a	n/a	B	0	27
67.0285	0.9999	face	2-back	1	nontarget	39	n/a	n/a	n/a	B	0	28
69.0284	1.0	face	2-back	1	target	52	n/a	0.6144	B	n/a	0	29
71.0282	1.0	face	2-back	1	nontarget	17	n/a	0.6884	B	B	1	30
73.0281	0.9999	face	2-back	1	nontarget	29	n/a	n/a	n/a	B	0	31
75.0279	1.0	face	2-back	1	target	17	n/a	0.6507	B	n/a	0	32
77.0278	1.0	face	2-back	1	nontarget	10	n/a	0.4858	B	B	1	33
79.0276	0.9999	face	2-back	1	nontarget	20	n/a	n/a	n/a	B	0	34
81.0275	1.0	face	2-back	1	nontarget	45	n/a	0.8051	B	B	1	35
83.0274	1.0	face	2-back	1	nontarget	35	n/a	0.66	B	B	1	36
85.0272	1.0	face	2-back	1	nontarget	34	n/a	0.6752	B	B	1	37
87.0271	1.0	face	2-back	1	nontarget	27	n/a	0.5512	B	B	1	38
89.0269	0.9999	face	2-back	1	nontarget	13	n/a	n/a	n/a	B	0	39
91.0268	1.0	face	2-back	1	nontarget	5	n/a	0.1664	B	B	1	40
93.0266	1.0	face	2-back	1	nontarget	12	n/a	0.5394	B	B	1	41
95.0265	1.0	face	2-back	1	nontarget	18	n/a	0.3406	B	B	1	42
97.0263	1.0	face	2-back	1	nontarget	47	n/a	0.4458	B	B	1	43
99.0262	1.0001	face	2-back	1	nontarget	15	n/a	0.3069	B	B	1	44
101.0261	1.0	face	2-back	1	nontarget	19	n/a	0.394	B	B	1	45
103.0259	0.9999	face	2-back	1	nontarget	36	n/a	1.105	B	B	1	46
105.0259	0.9999	face	2-back	1	nontarget	30	n/a	0.0018	B	B	1	47
107.0256	1.0	face	2-back	1	nontarget	8	n/a	0.5244	B	B	1	48
109.0255	1.0	face	2-back	1	nontarget	50	n/a	0.5479	B	B	1	49
111.0254	1.0	face	2-back	1	nontarget	28	n/a	0.0004	B	B	1	50
113.0252	1.0	face	2-back	1	nontarget	7	n/a	0.7233	B	B	1	51
115.0251	0.9999	face	2-back	1	nontarget	38	n/a	n/a	n/a	B	0	52
117.0249	1.0	face	2-back	1	nontarget	3	n/a	0.5188	B	B	1	53
119.0248	1.0001	face	2-back	1	target	38	n/a	0.3549	B	n/a	0	54
121.0246	1.0001	face	2-back	1	nontarget	39	n/a	0.0004	B	B	1	55
123.0245	1.0	face	2-back	1	nontarget	27	n/a	0.584	B	B	1	56
125.0243	0.9999	face	2-back	1	nontarget	25	n/a	n/a	n/a	B	0	57
127.0242	0.9999	face	2-back	1	nontarget	33	n/a	n/a	n/a	B	0	58
129.0241	1.0	face	2-back	1	nontarget	9	n/a	0.4604	B	B	1	59
131.0239	0.9999	face	2-back	1	nontarget	6	n/a	n/a	n/a	B	0	60
133.0238	1.0001	face	2-back	1	nontarget	7	n/a	0.6246	B	B	1	61
135.0236	1.0	face	2-back	1	nontarget	48	n/a	0.7299	B	B	1	62
137.0235	0.9999	face	2-back	1	nontarget	54	n/a	n/a	n/a	B	0	63
139.0234	1.0	face	2-back	1	target	48	n/a	0.54	B	n/a	0	64
141.0232	1.0	face	2-back	1	nontarget	28	n/a	0.5969	B	B	1	65
143.0231	0.9999	face	2-back	1	nontarget	38	n/a	n/a	n/a	B	0	66
145.0229	1.0	face	2-back	1	target	28	n/a	0.4941	B	n/a	0	67
147.0228	1.0	face	2-back	1	nontarget	12	n/a	0.5881	B	B	1	68
149.0226	0.9999	face	2-back	1	nontarget	40	n/a	n/a	n/a	B	0	69
151.0225	1.0	face	2-back	1	nontarget	34	n/a	0.6726	B	B	1	70
153.0223	1.0	face	2-back	1	nontarget	36	n/a	0.4471	B	B	1	71
155.0222	1.0	face	2-back	1	nontarget	45	n/a	0.4957	B	B	1	72
157.0221	1.0001	face	2-back	1	nontarget	8	n/a	0.5517	B	B	1	73
159.0219	1.0	face	2-back	1	nontarget	26	n/a	0.5929	B	B	1	74
161.0218	1.0	face	2-back	1	nontarget	35	n/a	0.551	B	B	1	75
163.0216	1.0001	face	2-back	1	nontarget	15	n/a	0.4252	B	B	1	76
165.0215	1.0	face	2-back	1	nontarget	50	n/a	0.3011	B	B	1	77
167.0213	0.9999	face	2-back	1	nontarget	19	n/a	n/a	n/a	B	0	78
169.0212	1.0	face	2-back	1	nontarget	10	n/a	0.5663	B	B	1	79
171.0211	0.9999	face	2-back	1	target	19	n/a	n/a	n/a	n/a	1	80
173.0209	0.9999	face	2-back	1	nontarget	18	n/a	n/a	n/a	B	0	81
175.0208	1.0	face	2-back	1	nontarget	16	n/a	0.7567	B	B	1	82
177.0206	0.9999	face	2-back	1	nontarget	42	n/a	n/a	n/a	B	0	83
179.0205	0.9999	face	2-back	1	nontarget	43	n/a	n/a	n/a	B	0	84
181.0203	1.0	face	2-back	1	nontarget	49	n/a	0.638	B	B	1	85
183.0202	1.0	face	2-back	1	nontarget	22	n/a	0.6371	B	B	1	86
185.0201	1.0	face	2-back	1	nontarget	14	n/a	0.5573	B	B	1	87
187.0199	1.0	face	2-back	1	nontarget	13	n/a	0.5541	B	B	1	88
189.0198	1.0	face	2-back	1	nontarget	20	n/a	0.5103	B	B	1	89
191.0196	1.0	face	2-back	1	nontarget	5	n/a	0.3185	B	B	1	90
198.0192	0.9999	scene	2-back	2	nontarget	n/a	2	0.8427	B	B	1	91
200.019	0.9999	scene	2-back	2	nontarget	n/a	23	n/a	n/a	B	0	92
202.0188	1.0	scene	2-back	2	nontarget	n/a	54	0.586	B	B	1	93
204.0187	1.0	scene	2-back	2	nontarget	n/a	12	0.5702	B	B	1	94
206.0186	1.0	scene	2-back	2	nontarget	n/a	11	0.4762	B	B	1	95
208.0184	0.9999	scene	2-back	2	nontarget	n/a	19	n/a	n/a	B	0	96
210.0183	1.0	scene	2-back	2	nontarget	n/a	34	0.4975	B	B	1	97
212.0181	1.0001	scene	2-back	2	nontarget	n/a	6	0.7587	B	B	1	98
214.018	1.0	scene	2-back	2	nontarget	n/a	43	0.8377	B	B	1	99
216.0178	1.0	scene	2-back	2	nontarget	n/a	9	0.5188	B	B	1	100
218.0177	1.0	scene	2-back	2	nontarget	n/a	32	0.5058	B	B	1	101
220.0176	0.9999	scene	2-back	2	nontarget	n/a	22	n/a	n/a	B	0	102
222.0174	1.0	scene	2-back	2	nontarget	n/a	25	0.7806	B	B	1	103
224.0173	1.0	scene	2-back	2	nontarget	n/a	51	0.6761	B	B	1	104
226.0172	1.0	scene	2-back	2	nontarget	n/a	30	0.6873	B	B	1	105
228.017	0.9999	scene	2-back	2	nontarget	n/a	42	n/a	n/a	B	0	106
230.0168	1.0	scene	2-back	2	target	n/a	30	0.6776	B	n/a	0	107
232.0167	1.0	scene	2-back	2	nontarget	n/a	13	0.6825	B	B	1	108
234.0166	1.0	scene	2-back	2	nontarget	n/a	26	0.8565	B	B	1	109
236.0164	1.0	scene	2-back	2	nontarget	n/a	23	0.7588	B	B	1	110
238.0163	0.9999	scene	2-back	2	nontarget	n/a	9	n/a	n/a	B	0	111
240.0161	1.0	scene	2-back	2	nontarget	n/a	50	0.4741	B	B	1	112
242.016	1.0	scene	2-back	2	target	n/a	9	0.6242	B	n/a	0	113
244.0158	1.0	scene	2-back	2	target	n/a	50	0.6293	B	n/a	0	114
246.0157	1.0	scene	2-back	2	nontarget	n/a	3	0.5374	B	B	1	115
248.0156	0.9999	scene	2-back	2	nontarget	n/a	53	0.8294	B	B	1	116
250.0154	0.9999	scene	2-back	2	nontarget	n/a	38	n/a	n/a	B	0	117
252.0153	1.0001	scene	2-back	2	nontarget	n/a	44	0.3855	B	B	1	118
254.0151	1.0	scene	2-back	2	nontarget	n/a	2	0.6465	B	B	1	119
256.015	1.0001	scene	2-back	2	nontarget	n/a	51	0.5449	B	B	1	120
258.0148	1.0001	scene	2-back	2	nontarget	n/a	30	0.2869	B	B	1	121
260.0147	1.0	scene	2-back	2	nontarget	n/a	34	0.3061	B	B	1	122
262.0146	1.0	scene	2-back	2	nontarget	n/a	20	0.8962	B	B	1	123
264.0144	0.9999	scene	2-back	2	nontarget	n/a	16	n/a	n/a	B	0	124
266.0143	1.0	scene	2-back	2	nontarget	n/a	4	0.5868	B	B	1	125
268.0141	1.0001	scene	2-back	2	nontarget	n/a	54	0.6065	B	B	1	126
270.014	0.9999	scene	2-back	2	nontarget	n/a	28	n/a	n/a	B	0	127
272.0138	1.0	scene	2-back	2	target	n/a	54	0.5097	B	n/a	0	128
274.0137	0.9999	scene	2-back	2	nontarget	n/a	40	n/a	n/a	B	0	129
276.0136	1.0	scene	2-back	2	nontarget	n/a	1	0.5367	B	B	1	130
278.0134	1.0	scene	2-back	2	nontarget	n/a	19	0.3969	B	B	1	131
280.0133	0.9999	scene	2-back	2	nontarget	n/a	8	n/a	n/a	B	0	132
282.0131	1.0	scene	2-back	2	nontarget	n/a	43	0.7292	B	B	1	133
284.013	0.9999	scene	2-back	2	nontarget	n/a	33	n/a	n/a	B	0	134
286.0128	0.9999	scene	2-back	2	target	n/a	43	n/a	n/a	n/a	1	135
288.0127	1.0	scene	2-back	2	nontarget	n/a	46	0.6305	B	B	1	136
290.0126	0.9999	scene	2-back	2	target	n/a	43	n/a	n/a	n/a	1	137
292.0124	0.9999	scene	2-back	2	nontarget	n/a	41	n/a	n/a	B	0	138
294.0123	0.9999	scene	2-back	2	nontarget	n/a	24	n/a	n/a	B	0	139
296.0121	1.0	scene	2-back	2	nontarget	n/a	39	0.7177	B	B	1	140
298.012	1.0	scene	2-back	2	nontarget	n/a	6	0.487	B	B	1	141
300.0118	1.0	scene	2-back	2	target	n/a	39	0.719	B	n/a	0	142
302.0117	0.9999	scene	2-back	2	nontarget	n/a	13	n/a	n/a	B	0	143
304.0116	1.0	scene	2-back	2	nontarget	n/a	12	0.5307	B	B	1	144
306.0114	0.9999	scene	2-back	2	nontarget	n/a	14	n/a	n/a	B	0	145
308.0113	0.9999	scene	2-back	2	nontarget	n/a	27	n/a	n/a	B	0	146
310.0111	1.0	scene	2-back	2	nontarget	n/a	11	0.3756	B	B	1	147
312.011	1.0	scene	2-back	2	nontarget	n/a	52	0.6307	B	B	1	148
314.0108	1.0	scene	2-back	2	nontarget	n/a	48	0.7008	B	B	1	149
316.0107	0.9999	scene	2-back	2	nontarget	n/a	21	n/a	n/a	B	0	150
318.0106	1.0	scene	2-back	2	nontarget	n/a	36	0.654	B	B	1	151
320.0104	1.0	scene	2-back	2	nontarget	n/a	37	0.4971	B	B	1	152
322.0103	1.0	scene	2-back	2	nontarget	n/a	7	0.5082	B	B	1	153
324.0101	1.0	scene	2-back	2	nontarget	n/a	47	0.7093	B	B	1	154
326.01	0.9999	scene	2-back	2	nontarget	n/a	18	n/a	n/a	B	0	155
328.0098	1.0001	scene	2-back	2	nontarget	n/a	25	0.6085	B	B	1	156
330.0097	1.0001	scene	2-back	2	nontarget	n/a	45	0.6064	B	B	1	157
332.0096	1.0	scene	2-back	2	nontarget	n/a	31	0.5266	B	B	1	158
334.0094	0.9999	scene	2-back	2	nontarget	n/a	42	n/a	n/a	B	0	159
336.0093	1.0	scene	2-back	2	target	n/a	31	0.5629	B	n/a	0	160
338.0091	0.9999	scene	2-back	2	nontarget	n/a	49	n/a	n/a	B	0	161
340.009	1.0	scene	2-back	2	nontarget	n/a	10	0.7551	B	B	1	162
342.0088	1.0001	scene	2-back	2	nontarget	n/a	45	0.6001	B	B	1	163
344.0087	0.9999	scene	2-back	2	nontarget	n/a	28	n/a	n/a	B	0	164
346.0086	1.0	scene	2-back	2	nontarget	n/a	1	0.5754	B	B	1	165
348.0084	1.0	scene	2-back	2	nontarget	n/a	21	0.6253	B	B	1	166
350.0083	1.0	scene	2-back	2	nontarget	n/a	47	0.5702	B	B	1	167
352.0081	1.0	scene	2-back	2	nontarget	n/a	10	0.5366	B	B	1	168
354.008	1.0	scene	2-back	2	nontarget	n/a	29	0.5349	B	B	1	169
356.0078	1.0	scene	2-back	2	nontarget	n/a	38	0.5959	B	B	1	170
358.0077	1.0	scene	2-back	2	nontarget	n/a	30	0.6791	B	B	1	171
360.0075	0.9999	scene	2-back	2	nontarget	n/a	44	n/a	n/a	B	0	172
362.0074	1.0	scene	2-back	2	target	n/a	30	0.6053	B	n/a	0	173
364.0073	1.0	scene	2-back	2	nontarget	n/a	52	0.7893	B	B	1	174
366.0071	0.9999	scene	2-back	2	nontarget	n/a	26	n/a	n/a	B	0	175
368.007	1.0	scene	2-back	2	nontarget	n/a	40	0.6189	B	B	1	176
370.0068	0.9999	scene	2-back	2	nontarget	n/a	23	n/a	n/a	B	0	177
372.0067	0.9999	scene	2-back	2	nontarget	n/a	35	n/a	n/a	B	0	178
374.0066	1.0	scene	2-back	2	nontarget	n/a	51	0.5718	B	B	1	179
376.0064	1.0001	scene	2-back	2	nontarget	n/a	31	0.5689	B	B	1	180
