onset	duration	trial_type	response_time	accuracy	stim_num	key_pressed	correct_response	key_position	correct_position	trial_num
8.0326	5.1263	eyes_trial	5.1263	1	10	R	R	1	1	1
18.0319	0.0913	eyes_trial	0.0913	0	23	R	G	1	2	2
28.0311	8.9941	eyes_trial	8.9941	0	17	Y	R	4	1	3
38.0303	9.2566	eyes_trial	n/a	0	11	n/a	G	n/a	2	4
48.0294	4.5645	eyes_trial	4.5645	0	13	G	B	2	3	5
58.0287	6.8408	eyes_trial	6.8408	1	36	G	G	2	2	6
68.0279	7.0394	eyes_trial	7.0394	0	16	Y	B	4	3	7
78.027	9.2566	eyes_trial	n/a	0	21	n/a	B	n/a	3	8
88.0261	3.1854	eyes_trial	3.1854	0	1	G	R	2	1	9
98.0254	4.9688	eyes_trial	4.9688	1	8	R	R	1	1	10
108.0246	9.2566	eyes_trial	n/a	0	27	n/a	B	n/a	3	11
118.0237	3.1781	eyes_trial	3.1781	0	24	Y	R	4	1	12
128.023	4.8965	eyes_trial	4.8965	0	7	Y	G	4	2	13
138.0222	7.7318	eyes_trial	7.7318	0	31	Y	B	4	3	14
148.0214	9.2566	eyes_trial	n/a	0	35	n/a	B	n/a	3	15
158.0205	1.3782	eyes_trial	1.3782	0	32	Y	R	4	1	16
168.0198	3.9469	eyes_trial	3.9469	0	22	G	R	2	1	17
178.019	5.23	eyes_trial	5.23	1	34	G	G	2	2	18
188.0182	3.8984	eyes_trial	3.8984	0	28	Y	R	4	1	19
198.0173	4.2631	eyes_trial	4.2631	0	5	B	G	3	2	20
208.0165	6.8835	eyes_trial	6.8835	0	15	G	R	2	1	21
218.0157	9.2566	eyes_trial	9.604	0	3	Y	G	4	2	22
228.0149	0.0013	eyes_trial	0.0013	1	14	Y	Y	4	4	23
238.0141	1.9405	eyes_trial	1.9405	0	30	Y	B	4	3	24
248.0133	1.9826	eyes_trial	1.9826	0	19	G	Y	2	4	25
258.0125	4.54	eyes_trial	4.54	1	9	Y	Y	4	4	26
268.0117	7.2553	eyes_trial	7.2553	0	2	R	B	1	3	27
278.0109	9.2566	eyes_trial	n/a	0	6	n/a	B	n/a	3	28
288.01	0.0906	eyes_trial	0.0906	0	4	Y	B	4	3	29
298.0093	3.4302	eyes_trial	3.4302	0	12	Y	G	4	2	30
308.0085	7.0563	eyes_trial	7.0563	1	29	Y	Y	4	4	31
318.0077	9.2566	eyes_trial	n/a	0	33	n/a	Y	n/a	4	32
328.0068	0.0164	eyes_trial	0.0164	1	25	Y	Y	4	4	33
338.0061	4.2672	eyes_trial	4.2672	0	20	Y	B	4	3	34
348.0053	7.3186	eyes_trial	7.3186	1	26	G	G	2	2	35
358.0045	6.736	eyes_trial	6.736	0	18	Y	R	4	1	36
