onset	duration	trial_type	block_num	arrow_direction	outcome	response_time	key_pressed	response_time_2	key_pressed_2	requested_soa	true_soa
8.5163	1.5	go	1	right	correct_go	0.676	right	n/a	n/a	n/a	n/a
10.5163	1.5	go	1	right	correct_go	0.841	right	n/a	n/a	n/a	n/a
12.5163	1.5	stop	1	left	failed_stop	0.737	left	n/a	n/a	0.55	0.55
14.5163	1.5	go	1	left	correct_go	0.771	left	n/a	n/a	n/a	n/a
16.5153	1.5	go	1	left	correct_go	0.988	left	n/a	n/a	n/a	n/a
18.5153	1.5	stop	1	right	successful_stop	n/a	n/a	n/a	n/a	0.5	0.5
20.5153	1.5	go	1	right	correct_go	0.838	right	n/a	n/a	n/a	n/a
22.5153	1.5	go	1	left	correct_go	1.0	left	n/a	n/a	n/a	n/a
24.5153	1.5	go	1	left	correct_go	0.99	left	n/a	n/a	n/a	n/a
26.5153	1.5	stop	1	right	successful_stop	n/a	n/a	n/a	n/a	0.55	0.55
28.5153	1.5	go	1	left	correct_go	0.99	left	n/a	n/a	n/a	n/a
30.5153	1.5	go	1	left	correct_go	1.275	left	n/a	n/a	n/a	n/a
32.5143	1.5	go	1	right	correct_go	1.145	right	n/a	n/a	n/a	n/a
34.5143	1.5	go	1	right	correct_go	0.964	right	n/a	n/a	n/a	n/a
36.5143	1.5	go	1	left	correct_go	1.086	left	n/a	n/a	n/a	n/a
38.5143	1.5	go	1	right	correct_go	0.911	right	n/a	n/a	n/a	n/a
40.5143	1.5	stop	1	left	successful_stop	n/a	n/a	n/a	n/a	0.6	0.6
42.5143	1.5	go	1	left	correct_go	0.943	left	n/a	n/a	n/a	n/a
44.5143	1.5	go	1	left	correct_go	1.021	left	n/a	n/a	n/a	n/a
46.5133	1.5	go	1	right	correct_go	1.013	right	n/a	n/a	n/a	n/a
48.5133	1.5	go	1	right	correct_go	0.916	right	n/a	n/a	n/a	n/a
50.5133	1.5	stop	1	right	successful_stop	n/a	n/a	n/a	n/a	0.65	0.65
52.5133	1.5	go	1	left	correct_go	0.893	left	n/a	n/a	n/a	n/a
54.5133	1.5	go	1	right	correct_go	0.975	right	n/a	n/a	n/a	n/a
56.5133	1.5	go	1	left	correct_go	1.014	left	n/a	n/a	n/a	n/a
58.5133	1.5	stop	1	left	successful_stop	n/a	n/a	n/a	n/a	0.7	0.7
60.5133	1.5	go	1	left	correct_go	0.916	left	n/a	n/a	n/a	n/a
62.5133	1.5	go	1	right	correct_go	0.867	right	n/a	n/a	n/a	n/a
64.5123	1.5	stop	1	left	failed_stop	0.805	left	n/a	n/a	0.75	0.75
66.5123	1.5	go	1	right	correct_go	1.013	right	n/a	n/a	n/a	n/a
68.5123	1.5	go	1	right	correct_go	1.413	right	n/a	n/a	n/a	n/a
70.5123	1.5	stop	1	left	failed_stop	0.825	left	n/a	n/a	0.7	0.7
72.5123	1.5	go	1	right	correct_go	0.685	right	n/a	n/a	n/a	n/a
74.5123	1.5	go	1	right	correct_go	0.959	right	n/a	n/a	n/a	n/a
76.5123	1.5	go	1	left	correct_go	1.067	left	n/a	n/a	n/a	n/a
78.5113	1.5	go	1	right	correct_go	0.949	right	n/a	n/a	n/a	n/a
80.5113	1.5	go	1	left	correct_go	1.089	left	n/a	n/a	n/a	n/a
82.5113	1.5	stop	1	right	successful_stop	n/a	n/a	n/a	n/a	0.65	0.65
84.5113	1.5	go	1	left	correct_go	0.845	left	n/a	n/a	n/a	n/a
86.5113	1.5	stop	1	right	successful_stop	n/a	n/a	n/a	n/a	0.7	0.7
88.5113	1.5	go	1	left	correct_go	0.964	left	n/a	n/a	n/a	n/a
90.5113	1.5	go	1	left	correct_go	1.161	left	n/a	n/a	n/a	n/a
92.5113	1.5	stop	1	left	successful_stop	n/a	n/a	n/a	n/a	0.75	0.75
94.5103	1.5	stop	1	right	failed_stop	0.902	right	n/a	n/a	0.8	0.8
96.5103	1.5	go	1	right	correct_go	1.074	right	n/a	n/a	n/a	n/a
98.5103	1.5	go	1	right	correct_go	1.33	right	n/a	n/a	n/a	n/a
100.5103	1.5	go	1	right	correct_go	1.132	right	n/a	n/a	n/a	n/a
102.5103	1.5	go	1	left	correct_go	1.249	left	n/a	n/a	n/a	n/a
104.5103	1.5	stop	1	right	successful_stop	n/a	n/a	n/a	n/a	0.75	0.75
106.5103	1.5	go	1	left	correct_go	0.945	left	n/a	n/a	n/a	n/a
108.5103	1.5	go	1	right	correct_go	1.025	right	n/a	n/a	n/a	n/a
110.5093	1.5	go	1	left	correct_go	1.379	left	n/a	n/a	n/a	n/a
112.5093	1.5	go	1	left	correct_go	1.183	left	n/a	n/a	n/a	n/a
114.5093	1.5	go	1	right	correct_go	0.941	right	n/a	n/a	n/a	n/a
116.5093	1.5	go	1	left	correct_go	1.225	left	n/a	n/a	n/a	n/a
118.5093	1.5	go	1	left	correct_go	1.162	left	n/a	n/a	n/a	n/a
120.5093	1.5	go	1	right	correct_go	1.074	right	n/a	n/a	n/a	n/a
122.5093	1.5	go	1	left	correct_go	0.961	left	n/a	n/a	n/a	n/a
124.5093	1.5	stop	1	right	successful_stop	n/a	n/a	n/a	n/a	0.8	0.8
126.5083	1.5	go	1	right	correct_go	0.888	right	n/a	n/a	n/a	n/a
128.5083	1.5	stop	1	left	successful_stop	n/a	n/a	n/a	n/a	0.85	0.85
130.5083	1.5	go	1	left	correct_go	0.831	left	n/a	n/a	n/a	n/a
132.5083	1.5	go	1	left	correct_go	1.096	left	n/a	n/a	n/a	n/a
134.5083	1.5	stop	1	left	successful_stop	n/a	n/a	n/a	n/a	0.9	0.9
136.5083	1.5	go	1	right	correct_go	1.099	right	n/a	n/a	n/a	n/a
138.5083	1.5	go	1	right	correct_go	1.1	right	n/a	n/a	n/a	n/a
140.5083	1.5	go	1	left	missed_go	n/a	n/a	n/a	n/a	n/a	n/a
142.5073	1.5	go	1	left	correct_go	0.689	left	n/a	n/a	n/a	n/a
144.5073	1.5	go	1	left	correct_go	1.092	left	n/a	n/a	n/a	n/a
146.5073	1.5	go	1	right	correct_go	1.164	right	n/a	n/a	n/a	n/a
148.5073	1.5	go	1	right	correct_go	1.054	right	n/a	n/a	n/a	n/a
150.5073	1.5	stop	1	left	failed_stop	1.033	left	n/a	n/a	0.95	0.95
152.5073	1.5	go	1	left	correct_go	1.002	left	n/a	n/a	n/a	n/a
154.5073	1.5	go	1	right	correct_go	1.13	right	n/a	n/a	n/a	n/a
156.5073	1.5	go	1	left	correct_go	1.143	left	n/a	n/a	n/a	n/a
158.5063	1.5	go	1	right	correct_go	1.135	right	n/a	n/a	n/a	n/a
160.5063	1.5	stop	1	left	failed_stop	1.076	left	n/a	n/a	0.9	0.9
162.5063	1.5	go	1	left	correct_go	0.689	left	n/a	n/a	n/a	n/a
164.5063	1.5	go	1	right	correct_go	0.747	right	n/a	n/a	n/a	n/a
166.5063	1.5	stop	1	right	failed_stop	0.768	right	n/a	n/a	0.85	0.85
168.5063	1.5	go	1	right	correct_go	1.234	right	n/a	n/a	n/a	n/a
170.5063	1.5	go	1	right	correct_go	1.095	right	n/a	n/a	n/a	n/a
172.5063	1.5	stop	1	right	successful_stop	n/a	n/a	n/a	n/a	0.8	0.8
174.5053	1.5	go	1	left	correct_go	0.948	left	n/a	n/a	n/a	n/a
176.5053	1.5	stop	1	right	successful_stop	n/a	n/a	n/a	n/a	0.85	0.85
178.5053	1.5	go	1	right	correct_go	0.896	right	n/a	n/a	n/a	n/a
180.5053	1.5	stop	1	left	successful_stop	n/a	n/a	n/a	n/a	0.9	0.9
182.5053	1.5	go	1	right	correct_go	0.969	right	n/a	n/a	n/a	n/a
184.5053	1.5	stop	2	right	successful_stop	n/a	n/a	n/a	n/a	0.95	0.95
186.5053	1.5	go	2	right	correct_go	0.771	right	n/a	n/a	n/a	n/a
188.5053	1.5	go	2	right	correct_go	1.11	right	n/a	n/a	n/a	n/a
190.5043	1.5	go	2	right	correct_go	1.299	right	n/a	n/a	n/a	n/a
192.5043	1.5	go	2	left	correct_go	1.043	left	n/a	n/a	n/a	n/a
194.5043	1.5	go	2	right	correct_go	1.096	right	n/a	n/a	n/a	n/a
196.5043	1.5	go	2	right	correct_go	1.116	right	n/a	n/a	n/a	n/a
198.5043	1.5	go	2	left	correct_go	1.183	left	n/a	n/a	n/a	n/a
200.5043	1.5	go	2	right	correct_go	1.04	right	n/a	n/a	n/a	n/a
202.5043	1.5	go	2	right	correct_go	1.197	right	n/a	n/a	n/a	n/a
204.5043	1.5	go	2	left	correct_go	1.199	left	n/a	n/a	n/a	n/a
206.5033	1.5	stop	2	right	failed_stop	0.983	right	n/a	n/a	1.0	1.0
208.5033	1.5	go	2	right	correct_go	1.009	right	n/a	n/a	n/a	n/a
210.5033	1.5	go	2	left	correct_go	1.234	left	n/a	n/a	n/a	n/a
212.5033	1.5	go	2	left	correct_go	1.448	left	n/a	n/a	n/a	n/a
214.5033	1.5	go	2	left	correct_go	1.06	left	n/a	n/a	n/a	n/a
216.5033	1.5	go	2	right	correct_go	1.051	right	n/a	n/a	n/a	n/a
218.5033	1.5	go	2	left	correct_go	1.189	left	n/a	n/a	n/a	n/a
220.5033	1.5	stop	2	right	successful_stop	n/a	n/a	n/a	n/a	0.95	0.95
222.5023	1.5	go	2	right	correct_go	0.91	right	n/a	n/a	n/a	n/a
224.5023	1.5	stop	2	right	successful_stop	n/a	n/a	n/a	n/a	1.0	1.0
226.5023	1.5	go	2	left	correct_go	0.887	left	n/a	n/a	n/a	n/a
228.5023	1.5	go	2	left	correct_go	1.342	left	n/a	n/a	n/a	n/a
230.5023	1.5	stop	2	left	failed_stop	0.97	left	n/a	n/a	1.05	1.05
232.5023	1.5	go	2	left	correct_go	0.789	left	n/a	n/a	n/a	n/a
234.5023	1.5	go	2	right	correct_go	1.326	right	n/a	n/a	n/a	n/a
236.5023	1.5	stop	2	right	successful_stop	n/a	n/a	n/a	n/a	1.0	1.0
238.5013	1.5	go	2	right	correct_go	0.889	right	n/a	n/a	n/a	n/a
240.5013	1.5	go	2	right	correct_go	1.45	right	n/a	n/a	n/a	n/a
242.5013	1.5	go	2	left	correct_go	0.862	left	n/a	n/a	n/a	n/a
244.5013	1.5	go	2	right	correct_go	1.128	right	n/a	n/a	n/a	n/a
246.5013	1.5	go	2	left	correct_go	1.472	left	n/a	n/a	n/a	n/a
248.5013	1.5	go	2	left	correct_go	1.13	left	n/a	n/a	n/a	n/a
250.5013	1.5	go	2	right	correct_go	1.074	right	n/a	n/a	n/a	n/a
252.5013	1.5	stop	2	left	failed_stop	1.019	left	n/a	n/a	1.05	1.05
254.5003	1.5	stop	2	right	failed_stop	0.919	right	n/a	n/a	1.0	1.0
256.5003	1.5	stop	2	left	failed_stop	1.072	left	n/a	n/a	0.95	0.95
258.5003	1.5	go	2	right	correct_go	1.306	right	n/a	n/a	n/a	n/a
260.5003	1.5	go	2	left	correct_go	1.26	left	n/a	n/a	n/a	n/a
262.5003	1.5	go	2	right	correct_go	1.363	right	n/a	n/a	n/a	n/a
264.5003	1.5	go	2	left	correct_go	1.132	left	n/a	n/a	n/a	n/a
266.5003	1.5	stop	2	right	failed_stop	0.757	right	n/a	n/a	0.9	0.9
268.5003	1.5	stop	2	right	failed_stop	0.677	right	n/a	n/a	0.85	0.85
270.4993	1.5	stop	2	left	successful_stop	n/a	n/a	n/a	n/a	0.8	0.8
272.4993	1.5	go	2	left	correct_go	1.078	left	n/a	n/a	n/a	n/a
274.4993	1.5	go	2	left	missed_go	n/a	n/a	n/a	n/a	n/a	n/a
276.4993	1.5	go	2	right	correct_go	1.226	right	n/a	n/a	n/a	n/a
278.4993	1.5	stop	2	right	successful_stop	n/a	n/a	n/a	n/a	0.85	0.85
280.4993	1.5	go	2	right	correct_go	1.126	right	n/a	n/a	n/a	n/a
282.4993	1.5	go	2	left	missed_go	n/a	n/a	n/a	n/a	n/a	n/a
284.4993	1.5	stop	2	right	successful_stop	n/a	n/a	n/a	n/a	0.9	0.9
286.4983	1.5	go	2	left	correct_go	1.084	left	n/a	n/a	n/a	n/a
288.4983	1.5	stop	2	left	successful_stop	n/a	n/a	n/a	n/a	0.95	0.95
290.4983	1.5	go	2	left	correct_go	0.927	left	n/a	n/a	n/a	n/a
292.4983	1.5	go	2	right	correct_go	1.184	right	n/a	n/a	n/a	n/a
294.4983	1.5	stop	2	left	successful_stop	n/a	n/a	n/a	n/a	1.0	1.0
296.4983	1.5	go	2	right	correct_go	1.271	right	n/a	n/a	n/a	n/a
298.4983	1.5	go	2	left	correct_go	1.033	left	n/a	n/a	n/a	n/a
300.4983	1.5	go	2	right	correct_go	1.236	right	n/a	n/a	n/a	n/a
302.4973	1.5	go	2	left	correct_go	1.145	left	n/a	n/a	n/a	n/a
304.4973	1.5	stop	2	left	successful_stop	n/a	n/a	n/a	n/a	1.05	1.05
306.4973	1.5	go	2	right	correct_go	0.935	right	n/a	n/a	n/a	n/a
308.4973	1.5	go	2	left	correct_go	1.461	left	n/a	n/a	n/a	n/a
310.4973	1.5	go	2	right	correct_go	0.621	right	n/a	n/a	n/a	n/a
312.4973	1.5	go	2	left	correct_go	1.173	left	n/a	n/a	n/a	n/a
314.4973	1.5	go	2	left	correct_go	1.442	left	n/a	n/a	n/a	n/a
316.4973	1.5	go	2	right	correct_go	1.357	right	n/a	n/a	n/a	n/a
318.4963	1.5	go	2	left	correct_go	1.048	left	n/a	n/a	n/a	n/a
320.4963	1.5	go	2	right	correct_go	1.334	right	n/a	n/a	n/a	n/a
322.4963	1.5	go	2	right	correct_go	1.274	right	n/a	n/a	n/a	n/a
324.4963	1.5	go	2	left	correct_go	1.192	left	n/a	n/a	n/a	n/a
326.4963	1.5	go	2	right	correct_go	1.384	right	n/a	n/a	n/a	n/a
328.4963	1.5	go	2	right	correct_go	1.337	right	n/a	n/a	n/a	n/a
330.4963	1.5	go	2	left	correct_go	1.288	left	n/a	n/a	n/a	n/a
332.4953	1.5	stop	2	left	failed_stop	1.28	left	n/a	n/a	1.1	1.1
334.4953	1.5	go	2	left	correct_go	1.07	left	n/a	n/a	n/a	n/a
336.4953	1.5	stop	2	right	successful_stop	n/a	n/a	n/a	n/a	1.05	1.05
338.4953	1.5	go	2	right	correct_go	1.198	right	n/a	n/a	n/a	n/a
340.4953	1.5	stop	2	left	successful_stop	n/a	n/a	n/a	n/a	1.1	1.1
342.4953	1.5	go	2	left	correct_go	1.176	left	n/a	n/a	n/a	n/a
344.4953	1.5	go	2	right	correct_go	1.346	right	n/a	n/a	n/a	n/a
346.4953	1.5	go	2	left	correct_go	1.441	left	n/a	n/a	n/a	n/a
348.4953	1.5	go	2	right	missed_go	n/a	n/a	n/a	n/a	n/a	n/a
350.4943	1.5	stop	2	left	failed_stop	1.322	left	n/a	n/a	1.15	1.15
352.4943	1.5	go	2	right	correct_go	0.625	right	n/a	n/a	n/a	n/a
354.4943	1.5	go	2	left	correct_go	0.955	left	n/a	n/a	n/a	n/a
356.4943	1.5	stop	2	left	successful_stop	n/a	n/a	n/a	n/a	1.1	1.1
358.4943	1.5	go	2	left	correct_go	1.145	left	n/a	n/a	n/a	n/a
