onset	duration	trial_type	scene_num	scored_scene	outcome	response_time	pct_morph_at_response	attribution	trial_num	block_num	raw_press_1_time	raw_press_1_pct_morph	raw_press_2_time	raw_press_2_pct_morph	raw_press_3_time	raw_press_3_pct_morph
8.0827	0.7998	city	4	city	omission_error	n/a	n/a	n/a	1	1	n/a	n/a	n/a	n/a	n/a	n/a
8.8825	0.7999	city	3	city	omission_error	n/a	n/a	n/a	2	1	n/a	n/a	n/a	n/a	n/a	n/a
9.6825	0.7999	city	4	city	omission_error	n/a	n/a	n/a	3	1	n/a	n/a	n/a	n/a	n/a	n/a
10.4824	0.7999	city	2	city	omission_error	n/a	n/a	n/a	4	1	n/a	n/a	n/a	n/a	n/a	n/a
11.2823	0.7999	city	4	city	omission_error	n/a	n/a	n/a	5	1	n/a	n/a	n/a	n/a	n/a	n/a
12.0823	0.7999	city	7	city	omission_error	n/a	n/a	n/a	6	1	n/a	n/a	n/a	n/a	n/a	n/a
12.8822	0.7999	city	5	city	omission_error	n/a	n/a	n/a	7	1	n/a	n/a	n/a	n/a	n/a	n/a
13.6822	0.7999	city	6	city	omission_error	n/a	n/a	n/a	8	1	n/a	n/a	n/a	n/a	n/a	n/a
14.4821	0.7999	city	9	city	omission_error	n/a	n/a	n/a	9	1	n/a	n/a	n/a	n/a	n/a	n/a
15.2821	0.7999	city	3	city	omission_error	n/a	n/a	n/a	10	1	n/a	n/a	n/a	n/a	n/a	n/a
16.082	0.7999	city	9	mountain	correct_rejection	n/a	n/a	n/a	11	1	n/a	n/a	n/a	n/a	n/a	n/a
16.8819	0.8	mountain	10	city	omission_error	n/a	n/a	n/a	12	1	n/a	n/a	n/a	n/a	n/a	n/a
17.6819	0.7999	city	3	city	omission_error	n/a	n/a	n/a	13	1	n/a	n/a	n/a	n/a	n/a	n/a
18.4818	0.7999	city	9	city	omission_error	n/a	n/a	n/a	14	1	n/a	n/a	n/a	n/a	n/a	n/a
19.2818	0.7999	city	6	city	omission_error	n/a	n/a	n/a	15	1	n/a	n/a	n/a	n/a	n/a	n/a
20.0817	0.7999	city	7	city	omission_error	n/a	n/a	n/a	16	1	n/a	n/a	n/a	n/a	n/a	n/a
20.8816	0.7999	city	2	city	omission_error	n/a	n/a	n/a	17	1	n/a	n/a	n/a	n/a	n/a	n/a
21.6816	0.7999	city	4	city	omission_error	n/a	n/a	n/a	18	1	n/a	n/a	n/a	n/a	n/a	n/a
22.4815	0.7999	city	6	city	omission_error	n/a	n/a	n/a	19	1	n/a	n/a	n/a	n/a	n/a	n/a
23.2815	0.7999	city	9	city	omission_error	n/a	n/a	n/a	20	1	n/a	n/a	n/a	n/a	n/a	n/a
24.0814	0.7999	city	8	city	omission_error	n/a	n/a	n/a	21	1	n/a	n/a	n/a	n/a	n/a	n/a
24.8813	0.7999	city	7	city	omission_error	n/a	n/a	n/a	22	1	n/a	n/a	n/a	n/a	n/a	n/a
25.6813	0.7999	city	8	city	omission_error	n/a	n/a	n/a	23	1	n/a	n/a	n/a	n/a	n/a	n/a
26.4812	0.7999	city	2	mountain	commission_error	0.8547	87.5	reattributed_from_following_trial	24	1	n/a	n/a	n/a	n/a	n/a	n/a
27.2812	0.7999	mountain	1	city	omission_error	n/a	n/a	n/a	25	1	0.0548	12.5	n/a	n/a	n/a	n/a
28.0811	0.7999	city	6	city	omission_error	n/a	n/a	n/a	26	1	n/a	n/a	n/a	n/a	n/a	n/a
28.8811	0.7999	city	4	city	omission_error	n/a	n/a	n/a	27	1	n/a	n/a	n/a	n/a	n/a	n/a
29.681	0.7999	city	8	city	omission_error	n/a	n/a	n/a	28	1	n/a	n/a	n/a	n/a	n/a	n/a
30.4809	0.7999	city	10	city	omission_error	n/a	n/a	n/a	29	1	n/a	n/a	n/a	n/a	n/a	n/a
31.2809	0.7999	city	9	city	omission_error	n/a	n/a	n/a	30	1	n/a	n/a	n/a	n/a	n/a	n/a
32.0808	0.7999	city	2	city	omission_error	n/a	n/a	n/a	31	1	n/a	n/a	n/a	n/a	n/a	n/a
32.8808	0.7999	city	6	city	omission_error	n/a	n/a	n/a	32	1	n/a	n/a	n/a	n/a	n/a	n/a
33.6807	0.7999	city	10	mountain	commission_error	0.9757	75.0	reattributed_from_following_trial	33	1	n/a	n/a	n/a	n/a	n/a	n/a
34.4806	0.7999	mountain	7	mountain	commission_error	1.0753	62.5	reattributed_from_following_trial	34	1	0.1757	25.0	n/a	n/a	n/a	n/a
35.2806	0.8	mountain	9	city	omission_error	n/a	n/a	n/a	35	1	0.2754	37.5	n/a	n/a	n/a	n/a
36.0806	0.8	city	6	city	omission_error	n/a	n/a	n/a	36	1	n/a	n/a	n/a	n/a	n/a	n/a
36.8805	0.7999	city	2	city	omission_error	n/a	n/a	n/a	37	1	n/a	n/a	n/a	n/a	n/a	n/a
37.6804	0.7999	city	9	city	omission_error	n/a	n/a	n/a	38	1	n/a	n/a	n/a	n/a	n/a	n/a
38.4803	0.8	city	1	mountain	correct_rejection	n/a	n/a	n/a	39	1	n/a	n/a	n/a	n/a	n/a	n/a
39.2803	0.7999	mountain	8	city	omission_error	n/a	n/a	n/a	40	1	n/a	n/a	n/a	n/a	n/a	n/a
40.0802	0.7999	city	4	mountain	commission_error	0.8713	87.5	reattributed_from_following_trial	41	1	n/a	n/a	n/a	n/a	n/a	n/a
40.8802	0.7999	mountain	9	city	omission_error	n/a	n/a	n/a	42	1	0.0714	12.5	n/a	n/a	n/a	n/a
41.6801	0.7999	city	9	city	omission_error	n/a	n/a	n/a	43	1	n/a	n/a	n/a	n/a	n/a	n/a
42.4801	0.7999	city	4	city	omission_error	n/a	n/a	n/a	44	1	n/a	n/a	n/a	n/a	n/a	n/a
43.28	0.7999	city	5	city	omission_error	n/a	n/a	n/a	45	1	n/a	n/a	n/a	n/a	n/a	n/a
44.0799	0.7999	city	4	mountain	commission_error	0.9509	75.0	reattributed_from_following_trial	46	1	n/a	n/a	n/a	n/a	n/a	n/a
44.8799	0.7999	mountain	1	city	hit	0.4509	62.5	own_trial	47	1	0.151	25.0	0.4509	62.5	n/a	n/a
45.6798	0.8	city	7	city	omission_error	n/a	n/a	n/a	48	1	n/a	n/a	n/a	n/a	n/a	n/a
46.4798	0.7999	city	9	city	omission_error	n/a	n/a	n/a	49	1	n/a	n/a	n/a	n/a	n/a	n/a
47.2797	0.7999	city	2	city	omission_error	n/a	n/a	n/a	50	1	n/a	n/a	n/a	n/a	n/a	n/a
48.0796	0.7999	city	3	city	omission_error	n/a	n/a	n/a	51	1	n/a	n/a	n/a	n/a	n/a	n/a
48.8796	0.7999	city	10	city	omission_error	n/a	n/a	n/a	52	1	n/a	n/a	n/a	n/a	n/a	n/a
49.6795	0.7999	city	1	city	omission_error	n/a	n/a	n/a	53	1	n/a	n/a	n/a	n/a	n/a	n/a
50.4795	0.7999	city	8	city	omission_error	n/a	n/a	n/a	54	1	n/a	n/a	n/a	n/a	n/a	n/a
51.2794	0.7999	city	4	city	omission_error	n/a	n/a	n/a	55	1	n/a	n/a	n/a	n/a	n/a	n/a
52.0793	0.7999	city	5	city	omission_error	n/a	n/a	n/a	56	1	n/a	n/a	n/a	n/a	n/a	n/a
52.8793	0.7999	city	6	city	omission_error	n/a	n/a	n/a	57	1	n/a	n/a	n/a	n/a	n/a	n/a
53.6792	0.7999	city	1	city	omission_error	n/a	n/a	n/a	58	1	n/a	n/a	n/a	n/a	n/a	n/a
54.4792	0.8	city	7	city	omission_error	n/a	n/a	n/a	59	1	n/a	n/a	n/a	n/a	n/a	n/a
55.2791	0.8	city	4	city	omission_error	n/a	n/a	n/a	60	1	n/a	n/a	n/a	n/a	n/a	n/a
56.0791	0.7999	city	1	city	omission_error	n/a	n/a	n/a	61	1	n/a	n/a	n/a	n/a	n/a	n/a
56.879	0.7999	city	2	city	omission_error	n/a	n/a	n/a	62	1	n/a	n/a	n/a	n/a	n/a	n/a
57.6789	0.7999	city	6	city	omission_error	n/a	n/a	n/a	63	1	n/a	n/a	n/a	n/a	n/a	n/a
58.4789	0.7999	city	1	city	omission_error	n/a	n/a	n/a	64	1	n/a	n/a	n/a	n/a	n/a	n/a
59.2788	0.7999	city	10	city	omission_error	n/a	n/a	n/a	65	1	n/a	n/a	n/a	n/a	n/a	n/a
60.0788	0.7999	city	6	city	omission_error	n/a	n/a	n/a	66	1	n/a	n/a	n/a	n/a	n/a	n/a
60.8787	0.7999	city	1	city	omission_error	n/a	n/a	n/a	67	1	n/a	n/a	n/a	n/a	n/a	n/a
61.6786	0.7999	city	10	city	omission_error	n/a	n/a	n/a	68	1	n/a	n/a	n/a	n/a	n/a	n/a
62.4786	0.7999	city	5	city	omission_error	n/a	n/a	n/a	69	1	n/a	n/a	n/a	n/a	n/a	n/a
63.2785	0.7999	city	8	mountain	commission_error	0.701	93.75	own_trial	70	1	0.701	93.75	n/a	n/a	n/a	n/a
64.0785	0.7999	mountain	7	mountain	commission_error	0.8134	93.75	reattributed_from_following_trial	71	1	0.001	6.25	n/a	n/a	n/a	n/a
64.8784	0.8	mountain	4	city	omission_error	n/a	n/a	n/a	72	1	0.0135	6.25	n/a	n/a	n/a	n/a
65.6784	0.7999	city	3	city	omission_error	n/a	n/a	n/a	73	1	n/a	n/a	n/a	n/a	n/a	n/a
66.4783	0.7999	city	8	city	omission_error	n/a	n/a	n/a	74	1	n/a	n/a	n/a	n/a	n/a	n/a
67.2782	0.7999	city	3	city	omission_error	n/a	n/a	n/a	75	1	n/a	n/a	n/a	n/a	n/a	n/a
68.0782	0.7999	city	4	city	omission_error	n/a	n/a	n/a	76	1	n/a	n/a	n/a	n/a	n/a	n/a
68.8781	0.7999	city	8	city	omission_error	n/a	n/a	n/a	77	1	n/a	n/a	n/a	n/a	n/a	n/a
69.678	0.7999	city	5	city	omission_error	n/a	n/a	n/a	78	1	n/a	n/a	n/a	n/a	n/a	n/a
70.478	0.7999	city	8	city	omission_error	n/a	n/a	n/a	79	1	n/a	n/a	n/a	n/a	n/a	n/a
71.2779	0.7999	city	5	mountain	commission_error	0.8202	93.75	reattributed_from_following_trial	80	1	n/a	n/a	n/a	n/a	n/a	n/a
72.0779	0.7999	mountain	9	city	omission_error	n/a	n/a	n/a	81	1	0.0202	6.25	n/a	n/a	n/a	n/a
72.8778	0.7999	city	4	city	omission_error	n/a	n/a	n/a	82	1	n/a	n/a	n/a	n/a	n/a	n/a
73.6778	0.7999	city	2	city	omission_error	n/a	n/a	n/a	83	1	n/a	n/a	n/a	n/a	n/a	n/a
74.4777	0.7999	city	5	city	omission_error	n/a	n/a	n/a	84	1	n/a	n/a	n/a	n/a	n/a	n/a
75.2776	0.7999	city	2	city	omission_error	n/a	n/a	n/a	85	1	n/a	n/a	n/a	n/a	n/a	n/a
76.0776	0.7999	city	6	city	omission_error	n/a	n/a	n/a	86	1	n/a	n/a	n/a	n/a	n/a	n/a
76.8775	0.7999	city	1	city	omission_error	n/a	n/a	n/a	87	1	n/a	n/a	n/a	n/a	n/a	n/a
77.6775	0.7999	city	3	city	omission_error	n/a	n/a	n/a	88	1	n/a	n/a	n/a	n/a	n/a	n/a
78.4774	0.7999	city	2	city	omission_error	n/a	n/a	n/a	89	1	n/a	n/a	n/a	n/a	n/a	n/a
79.2773	0.8	city	5	city	omission_error	n/a	n/a	n/a	90	1	n/a	n/a	n/a	n/a	n/a	n/a
80.0773	0.7999	city	4	city	omission_error	n/a	n/a	n/a	91	1	n/a	n/a	n/a	n/a	n/a	n/a
80.8772	0.7999	city	9	city	omission_error	n/a	n/a	n/a	92	1	n/a	n/a	n/a	n/a	n/a	n/a
81.6772	0.7999	city	2	city	omission_error	n/a	n/a	n/a	93	1	n/a	n/a	n/a	n/a	n/a	n/a
82.4771	0.8	city	5	city	omission_error	n/a	n/a	n/a	94	1	n/a	n/a	n/a	n/a	n/a	n/a
83.277	0.8	city	2	city	omission_error	n/a	n/a	n/a	95	1	n/a	n/a	n/a	n/a	n/a	n/a
84.077	0.7999	city	1	city	omission_error	n/a	n/a	n/a	96	1	n/a	n/a	n/a	n/a	n/a	n/a
84.8769	0.7999	city	9	city	omission_error	n/a	n/a	n/a	97	1	n/a	n/a	n/a	n/a	n/a	n/a
85.6769	0.7999	city	7	mountain	commission_error	1.1586	50.0	reattributed_from_following_trial	98	1	n/a	n/a	n/a	n/a	n/a	n/a
86.4768	0.7999	mountain	6	city	hit	0.651	87.5	own_trial	99	1	0.3586	50.0	0.651	87.5	n/a	n/a
87.2767	0.7999	city	10	city	hit	0.3011	43.75	own_trial	100	1	0.001	6.25	0.3011	43.75	n/a	n/a
88.0767	0.7999	city	7	city	omission_error	n/a	n/a	n/a	101	1	n/a	n/a	n/a	n/a	n/a	n/a
88.8766	0.7999	city	1	city	omission_error	n/a	n/a	n/a	102	1	n/a	n/a	n/a	n/a	n/a	n/a
89.6766	0.7999	city	4	city	omission_error	n/a	n/a	n/a	103	1	n/a	n/a	n/a	n/a	n/a	n/a
90.4765	0.7999	city	6	city	omission_error	n/a	n/a	n/a	104	1	n/a	n/a	n/a	n/a	n/a	n/a
91.2765	0.7999	city	5	mountain	commission_error	1.0047	68.75	reattributed_from_following_trial	105	1	n/a	n/a	n/a	n/a	n/a	n/a
92.0764	0.7999	mountain	8	city	omission_error	n/a	n/a	n/a	106	1	0.2047	31.25	n/a	n/a	n/a	n/a
92.8763	0.8	city	6	city	omission_error	n/a	n/a	n/a	107	1	n/a	n/a	n/a	n/a	n/a	n/a
93.6763	0.7999	city	2	city	omission_error	n/a	n/a	n/a	108	1	n/a	n/a	n/a	n/a	n/a	n/a
94.4762	0.8	city	10	city	omission_error	n/a	n/a	n/a	109	1	n/a	n/a	n/a	n/a	n/a	n/a
95.2762	0.7999	city	8	city	omission_error	n/a	n/a	n/a	110	1	n/a	n/a	n/a	n/a	n/a	n/a
96.0761	0.7999	city	2	city	omission_error	n/a	n/a	n/a	111	1	n/a	n/a	n/a	n/a	n/a	n/a
96.876	0.7999	city	8	mountain	commission_error	0.7801	100.0	own_trial	112	1	0.7801	100.0	n/a	n/a	n/a	n/a
97.676	0.7999	mountain	4	city	omission_error	n/a	n/a	n/a	113	1	0.0011	6.25	n/a	n/a	n/a	n/a
98.4759	0.7999	city	6	city	omission_error	n/a	n/a	n/a	114	1	n/a	n/a	n/a	n/a	n/a	n/a
99.2759	0.7999	city	5	city	omission_error	n/a	n/a	n/a	115	1	n/a	n/a	n/a	n/a	n/a	n/a
100.0758	0.7999	city	4	city	omission_error	n/a	n/a	n/a	116	1	n/a	n/a	n/a	n/a	n/a	n/a
100.8757	0.7999	city	5	city	omission_error	n/a	n/a	n/a	117	1	n/a	n/a	n/a	n/a	n/a	n/a
101.6757	0.7999	city	8	city	omission_error	n/a	n/a	n/a	118	1	n/a	n/a	n/a	n/a	n/a	n/a
102.4756	0.8	city	5	city	omission_error	n/a	n/a	n/a	119	1	n/a	n/a	n/a	n/a	n/a	n/a
103.2756	0.7999	city	9	city	omission_error	n/a	n/a	n/a	120	1	n/a	n/a	n/a	n/a	n/a	n/a
104.0755	0.7999	city	2	city	omission_error	n/a	n/a	n/a	121	1	n/a	n/a	n/a	n/a	n/a	n/a
104.8755	0.7999	city	1	mountain	correct_rejection	n/a	n/a	n/a	122	1	n/a	n/a	n/a	n/a	n/a	n/a
105.6754	0.7999	mountain	2	city	omission_error	n/a	n/a	n/a	123	1	n/a	n/a	n/a	n/a	n/a	n/a
106.4753	0.7999	city	7	city	omission_error	n/a	n/a	n/a	124	1	n/a	n/a	n/a	n/a	n/a	n/a
107.2753	0.7999	city	3	city	omission_error	n/a	n/a	n/a	125	1	n/a	n/a	n/a	n/a	n/a	n/a
108.0752	0.7999	city	7	city	omission_error	n/a	n/a	n/a	126	1	n/a	n/a	n/a	n/a	n/a	n/a
108.8751	0.8	city	9	city	omission_error	n/a	n/a	n/a	127	1	n/a	n/a	n/a	n/a	n/a	n/a
109.6751	0.7999	city	3	city	omission_error	n/a	n/a	n/a	128	1	n/a	n/a	n/a	n/a	n/a	n/a
110.475	0.7999	city	6	city	omission_error	n/a	n/a	n/a	129	1	n/a	n/a	n/a	n/a	n/a	n/a
111.275	0.8	city	7	city	omission_error	n/a	n/a	n/a	130	1	n/a	n/a	n/a	n/a	n/a	n/a
112.075	0.7999	city	6	mountain	correct_rejection	n/a	n/a	n/a	131	1	n/a	n/a	n/a	n/a	n/a	n/a
112.8749	0.7999	mountain	6	city	omission_error	n/a	n/a	n/a	132	1	n/a	n/a	n/a	n/a	n/a	n/a
113.6748	0.7999	city	7	city	omission_error	n/a	n/a	n/a	133	1	n/a	n/a	n/a	n/a	n/a	n/a
114.4747	0.7999	city	6	city	omission_error	n/a	n/a	n/a	134	1	n/a	n/a	n/a	n/a	n/a	n/a
115.2747	0.7999	city	9	city	omission_error	n/a	n/a	n/a	135	1	n/a	n/a	n/a	n/a	n/a	n/a
116.0746	0.7999	city	8	city	omission_error	n/a	n/a	n/a	136	1	n/a	n/a	n/a	n/a	n/a	n/a
116.8746	0.7999	city	3	mountain	correct_rejection	n/a	n/a	n/a	137	1	n/a	n/a	n/a	n/a	n/a	n/a
117.6745	0.7999	mountain	3	city	omission_error	n/a	n/a	n/a	138	1	n/a	n/a	n/a	n/a	n/a	n/a
118.4744	0.7999	city	8	city	omission_error	n/a	n/a	n/a	139	1	n/a	n/a	n/a	n/a	n/a	n/a
119.2744	0.7999	city	10	city	omission_error	n/a	n/a	n/a	140	1	n/a	n/a	n/a	n/a	n/a	n/a
120.0743	0.8	city	1	city	omission_error	n/a	n/a	n/a	141	1	n/a	n/a	n/a	n/a	n/a	n/a
120.8743	0.7999	city	4	city	omission_error	n/a	n/a	n/a	142	1	n/a	n/a	n/a	n/a	n/a	n/a
121.6742	0.7999	city	9	city	omission_error	n/a	n/a	n/a	143	1	n/a	n/a	n/a	n/a	n/a	n/a
122.4742	0.7999	city	6	city	omission_error	n/a	n/a	n/a	144	1	n/a	n/a	n/a	n/a	n/a	n/a
123.2741	0.7999	city	5	city	omission_error	n/a	n/a	n/a	145	1	n/a	n/a	n/a	n/a	n/a	n/a
124.074	0.7999	city	4	city	omission_error	n/a	n/a	n/a	146	1	n/a	n/a	n/a	n/a	n/a	n/a
124.874	0.7999	city	10	city	omission_error	n/a	n/a	n/a	147	1	n/a	n/a	n/a	n/a	n/a	n/a
125.6739	0.7999	city	1	city	omission_error	n/a	n/a	n/a	148	1	n/a	n/a	n/a	n/a	n/a	n/a
126.4739	0.7999	city	10	city	omission_error	n/a	n/a	n/a	149	1	n/a	n/a	n/a	n/a	n/a	n/a
127.2738	0.7999	city	5	city	omission_error	n/a	n/a	n/a	150	1	n/a	n/a	n/a	n/a	n/a	n/a
128.0737	0.7999	city	6	city	omission_error	n/a	n/a	n/a	151	1	n/a	n/a	n/a	n/a	n/a	n/a
128.8737	0.7999	city	1	mountain	commission_error	0.8206	93.75	reattributed_from_following_trial	152	1	n/a	n/a	n/a	n/a	n/a	n/a
129.6736	0.7999	mountain	2	city	omission_error	n/a	n/a	n/a	153	1	0.0206	6.25	n/a	n/a	n/a	n/a
130.4736	0.8	city	3	city	omission_error	n/a	n/a	n/a	154	1	n/a	n/a	n/a	n/a	n/a	n/a
131.2735	0.7999	city	6	city	omission_error	n/a	n/a	n/a	155	1	n/a	n/a	n/a	n/a	n/a	n/a
132.0734	0.7999	city	5	city	omission_error	n/a	n/a	n/a	156	1	n/a	n/a	n/a	n/a	n/a	n/a
132.8734	0.7999	city	7	city	omission_error	n/a	n/a	n/a	157	1	n/a	n/a	n/a	n/a	n/a	n/a
133.6733	0.7999	city	5	city	omission_error	n/a	n/a	n/a	158	1	n/a	n/a	n/a	n/a	n/a	n/a
134.4733	0.7999	city	6	city	omission_error	n/a	n/a	n/a	159	1	n/a	n/a	n/a	n/a	n/a	n/a
135.2732	0.7999	city	5	city	omission_error	n/a	n/a	n/a	160	1	n/a	n/a	n/a	n/a	n/a	n/a
136.0731	0.7999	city	6	city	omission_error	n/a	n/a	n/a	161	1	n/a	n/a	n/a	n/a	n/a	n/a
136.8731	0.7999	city	2	city	omission_error	n/a	n/a	n/a	162	1	n/a	n/a	n/a	n/a	n/a	n/a
137.673	0.7999	city	6	mountain	commission_error	1.1791	50.0	reattributed_from_following_trial	163	1	n/a	n/a	n/a	n/a	n/a	n/a
138.473	0.7999	mountain	4	city	hit	0.6509	87.5	own_trial	164	1	0.3791	50.0	0.6509	87.5	n/a	n/a
139.2729	0.7999	city	9	city	omission_error	n/a	n/a	n/a	165	1	n/a	n/a	n/a	n/a	n/a	n/a
140.0729	0.8	city	5	city	omission_error	n/a	n/a	n/a	166	1	n/a	n/a	n/a	n/a	n/a	n/a
140.8729	0.7999	city	8	city	omission_error	n/a	n/a	n/a	167	1	n/a	n/a	n/a	n/a	n/a	n/a
141.6727	0.7999	city	3	city	omission_error	n/a	n/a	n/a	168	1	n/a	n/a	n/a	n/a	n/a	n/a
142.4727	0.7999	city	9	city	omission_error	n/a	n/a	n/a	169	1	n/a	n/a	n/a	n/a	n/a	n/a
143.2726	0.7999	city	10	city	omission_error	n/a	n/a	n/a	170	1	n/a	n/a	n/a	n/a	n/a	n/a
144.0726	0.7999	city	2	city	omission_error	n/a	n/a	n/a	171	1	n/a	n/a	n/a	n/a	n/a	n/a
144.8725	0.7999	city	1	city	omission_error	n/a	n/a	n/a	172	1	n/a	n/a	n/a	n/a	n/a	n/a
145.6724	0.7999	city	2	city	omission_error	n/a	n/a	n/a	173	1	n/a	n/a	n/a	n/a	n/a	n/a
146.4724	0.7999	city	9	city	omission_error	n/a	n/a	n/a	174	1	n/a	n/a	n/a	n/a	n/a	n/a
147.2723	0.7999	city	1	city	omission_error	n/a	n/a	n/a	175	1	n/a	n/a	n/a	n/a	n/a	n/a
148.0723	0.7999	city	9	city	omission_error	n/a	n/a	n/a	176	1	n/a	n/a	n/a	n/a	n/a	n/a
148.8722	0.7999	city	7	city	omission_error	n/a	n/a	n/a	177	1	n/a	n/a	n/a	n/a	n/a	n/a
149.6721	0.8	city	10	city	omission_error	n/a	n/a	n/a	178	1	n/a	n/a	n/a	n/a	n/a	n/a
150.4721	0.7999	city	4	city	omission_error	n/a	n/a	n/a	179	1	n/a	n/a	n/a	n/a	n/a	n/a
151.272	0.7999	city	8	city	omission_error	n/a	n/a	n/a	180	1	n/a	n/a	n/a	n/a	n/a	n/a
152.072	0.7999	city	3	city	omission_error	n/a	n/a	n/a	181	1	n/a	n/a	n/a	n/a	n/a	n/a
152.8719	0.7999	city	8	city	omission_error	n/a	n/a	n/a	182	1	n/a	n/a	n/a	n/a	n/a	n/a
153.6718	0.7999	city	5	city	omission_error	n/a	n/a	n/a	183	1	n/a	n/a	n/a	n/a	n/a	n/a
154.4718	0.7999	city	3	city	omission_error	n/a	n/a	n/a	184	1	n/a	n/a	n/a	n/a	n/a	n/a
155.2717	0.7999	city	8	city	omission_error	n/a	n/a	n/a	185	1	n/a	n/a	n/a	n/a	n/a	n/a
156.0717	0.7999	city	2	city	omission_error	n/a	n/a	n/a	186	1	n/a	n/a	n/a	n/a	n/a	n/a
156.8716	0.7999	city	6	mountain	correct_rejection	n/a	n/a	n/a	187	1	n/a	n/a	n/a	n/a	n/a	n/a
157.6716	0.7999	mountain	7	city	omission_error	n/a	n/a	n/a	188	1	n/a	n/a	n/a	n/a	n/a	n/a
158.4715	0.7999	city	2	city	omission_error	n/a	n/a	n/a	189	1	n/a	n/a	n/a	n/a	n/a	n/a
159.2714	0.7999	city	4	city	omission_error	n/a	n/a	n/a	190	1	n/a	n/a	n/a	n/a	n/a	n/a
160.0714	0.7999	city	6	city	omission_error	n/a	n/a	n/a	191	1	n/a	n/a	n/a	n/a	n/a	n/a
160.8713	0.7999	city	3	mountain	correct_rejection	n/a	n/a	n/a	192	1	n/a	n/a	n/a	n/a	n/a	n/a
161.6713	0.7999	mountain	10	mountain	correct_rejection	n/a	n/a	n/a	193	1	n/a	n/a	n/a	n/a	n/a	n/a
162.4712	0.7999	mountain	2	city	omission_error	n/a	n/a	n/a	194	1	n/a	n/a	n/a	n/a	n/a	n/a
163.2711	0.7999	city	2	city	omission_error	n/a	n/a	n/a	195	1	n/a	n/a	n/a	n/a	n/a	n/a
164.0711	0.7999	city	7	city	omission_error	n/a	n/a	n/a	196	1	n/a	n/a	n/a	n/a	n/a	n/a
164.871	0.7999	city	9	city	omission_error	n/a	n/a	n/a	197	1	n/a	n/a	n/a	n/a	n/a	n/a
165.671	0.7999	city	4	city	omission_error	n/a	n/a	n/a	198	1	n/a	n/a	n/a	n/a	n/a	n/a
166.4709	0.7999	city	5	city	omission_error	n/a	n/a	n/a	199	1	n/a	n/a	n/a	n/a	n/a	n/a
167.2708	0.7999	city	1	city	omission_error	n/a	n/a	n/a	200	1	n/a	n/a	n/a	n/a	n/a	n/a
168.0708	0.8	city	3	city	omission_error	n/a	n/a	n/a	201	1	n/a	n/a	n/a	n/a	n/a	n/a
168.8707	0.7999	city	9	city	omission_error	n/a	n/a	n/a	202	1	n/a	n/a	n/a	n/a	n/a	n/a
169.6707	0.7999	city	10	city	omission_error	n/a	n/a	n/a	203	1	n/a	n/a	n/a	n/a	n/a	n/a
170.4706	0.7999	city	7	city	omission_error	n/a	n/a	n/a	204	1	n/a	n/a	n/a	n/a	n/a	n/a
171.2705	0.7999	city	10	city	omission_error	n/a	n/a	n/a	205	1	n/a	n/a	n/a	n/a	n/a	n/a
172.0705	0.7999	city	2	city	omission_error	n/a	n/a	n/a	206	1	n/a	n/a	n/a	n/a	n/a	n/a
172.8704	0.7999	city	8	city	omission_error	n/a	n/a	n/a	207	1	n/a	n/a	n/a	n/a	n/a	n/a
173.6704	0.7999	city	6	city	omission_error	n/a	n/a	n/a	208	1	n/a	n/a	n/a	n/a	n/a	n/a
174.4703	0.7999	city	1	city	omission_error	n/a	n/a	n/a	209	1	n/a	n/a	n/a	n/a	n/a	n/a
175.2702	0.7999	city	3	city	omission_error	n/a	n/a	n/a	210	1	n/a	n/a	n/a	n/a	n/a	n/a
176.0702	0.7999	city	6	city	omission_error	n/a	n/a	n/a	211	1	n/a	n/a	n/a	n/a	n/a	n/a
176.8701	0.7999	city	5	city	omission_error	n/a	n/a	n/a	212	1	n/a	n/a	n/a	n/a	n/a	n/a
177.6701	0.8	city	3	city	omission_error	n/a	n/a	n/a	213	1	n/a	n/a	n/a	n/a	n/a	n/a
178.47	0.7999	city	10	city	omission_error	n/a	n/a	n/a	214	1	n/a	n/a	n/a	n/a	n/a	n/a
179.27	0.7999	city	1	mountain	commission_error	0.751	100.0	own_trial	215	1	0.751	100.0	n/a	n/a	n/a	n/a
180.0699	0.7999	mountain	10	mountain	commission_error	1.0133	68.75	reattributed_from_following_trial	216	1	0.001	6.25	n/a	n/a	n/a	n/a
180.8698	0.7999	mountain	5	city	omission_error	n/a	n/a	n/a	217	1	0.2133	31.25	n/a	n/a	n/a	n/a
181.6698	0.7999	city	5	city	omission_error	n/a	n/a	n/a	218	1	n/a	n/a	n/a	n/a	n/a	n/a
182.4697	0.7999	city	8	city	omission_error	n/a	n/a	n/a	219	1	n/a	n/a	n/a	n/a	n/a	n/a
183.2697	0.7999	city	3	city	omission_error	n/a	n/a	n/a	220	1	n/a	n/a	n/a	n/a	n/a	n/a
184.0696	0.7999	city	6	city	omission_error	n/a	n/a	n/a	221	1	n/a	n/a	n/a	n/a	n/a	n/a
184.8695	0.7999	city	2	city	omission_error	n/a	n/a	n/a	222	1	n/a	n/a	n/a	n/a	n/a	n/a
185.6695	0.7999	city	9	city	omission_error	n/a	n/a	n/a	223	1	n/a	n/a	n/a	n/a	n/a	n/a
186.4694	0.7999	city	3	city	omission_error	n/a	n/a	n/a	224	1	n/a	n/a	n/a	n/a	n/a	n/a
187.2694	0.8	city	2	mountain	correct_rejection	n/a	n/a	n/a	225	1	n/a	n/a	n/a	n/a	n/a	n/a
188.0693	0.7999	mountain	8	city	omission_error	n/a	n/a	n/a	226	1	n/a	n/a	n/a	n/a	n/a	n/a
188.8692	0.7999	city	7	city	omission_error	n/a	n/a	n/a	227	1	n/a	n/a	n/a	n/a	n/a	n/a
189.6692	0.7999	city	4	city	omission_error	n/a	n/a	n/a	228	1	n/a	n/a	n/a	n/a	n/a	n/a
190.4691	0.7999	city	6	city	omission_error	n/a	n/a	n/a	229	1	n/a	n/a	n/a	n/a	n/a	n/a
191.2691	0.7999	city	7	city	omission_error	n/a	n/a	n/a	230	1	n/a	n/a	n/a	n/a	n/a	n/a
192.069	0.7999	city	8	city	omission_error	n/a	n/a	n/a	231	1	n/a	n/a	n/a	n/a	n/a	n/a
192.8689	0.7999	city	6	city	omission_error	n/a	n/a	n/a	232	1	n/a	n/a	n/a	n/a	n/a	n/a
193.6689	0.7999	city	10	city	omission_error	n/a	n/a	n/a	233	1	n/a	n/a	n/a	n/a	n/a	n/a
194.4688	0.7999	city	4	city	omission_error	n/a	n/a	n/a	234	1	n/a	n/a	n/a	n/a	n/a	n/a
195.2688	0.7999	city	2	city	omission_error	n/a	n/a	n/a	235	1	n/a	n/a	n/a	n/a	n/a	n/a
196.0687	0.8	city	6	city	omission_error	n/a	n/a	n/a	236	1	n/a	n/a	n/a	n/a	n/a	n/a
196.8687	0.7999	city	8	city	omission_error	n/a	n/a	n/a	237	1	n/a	n/a	n/a	n/a	n/a	n/a
197.6686	0.7999	city	3	city	omission_error	n/a	n/a	n/a	238	1	n/a	n/a	n/a	n/a	n/a	n/a
198.4685	0.7999	city	5	city	omission_error	n/a	n/a	n/a	239	1	n/a	n/a	n/a	n/a	n/a	n/a
199.2685	0.7999	city	10	city	omission_error	n/a	n/a	n/a	240	1	n/a	n/a	n/a	n/a	n/a	n/a
200.0684	0.7999	city	5	city	omission_error	n/a	n/a	n/a	241	1	n/a	n/a	n/a	n/a	n/a	n/a
200.8684	0.7999	city	8	city	omission_error	n/a	n/a	n/a	242	1	n/a	n/a	n/a	n/a	n/a	n/a
201.6683	0.7999	city	1	city	omission_error	n/a	n/a	n/a	243	1	n/a	n/a	n/a	n/a	n/a	n/a
202.4682	0.7999	city	10	city	omission_error	n/a	n/a	n/a	244	1	n/a	n/a	n/a	n/a	n/a	n/a
203.2682	0.7999	city	4	mountain	correct_rejection	n/a	n/a	n/a	245	1	n/a	n/a	n/a	n/a	n/a	n/a
204.0681	0.7999	mountain	5	city	omission_error	n/a	n/a	n/a	246	1	n/a	n/a	n/a	n/a	n/a	n/a
204.8681	0.7999	city	10	city	omission_error	n/a	n/a	n/a	247	1	n/a	n/a	n/a	n/a	n/a	n/a
205.668	0.8	city	7	city	omission_error	n/a	n/a	n/a	248	1	n/a	n/a	n/a	n/a	n/a	n/a
206.468	0.7999	city	3	city	omission_error	n/a	n/a	n/a	249	1	n/a	n/a	n/a	n/a	n/a	n/a
207.2679	0.7999	city	6	city	omission_error	n/a	n/a	n/a	250	1	n/a	n/a	n/a	n/a	n/a	n/a
208.0678	0.7999	city	4	city	omission_error	n/a	n/a	n/a	251	1	n/a	n/a	n/a	n/a	n/a	n/a
208.8678	0.7999	city	6	city	omission_error	n/a	n/a	n/a	252	1	n/a	n/a	n/a	n/a	n/a	n/a
209.6677	0.7999	city	4	city	omission_error	n/a	n/a	n/a	253	1	n/a	n/a	n/a	n/a	n/a	n/a
210.4676	0.7999	city	2	mountain	correct_rejection	n/a	n/a	n/a	254	1	n/a	n/a	n/a	n/a	n/a	n/a
211.2676	0.7999	mountain	8	city	omission_error	n/a	n/a	n/a	255	1	n/a	n/a	n/a	n/a	n/a	n/a
212.0675	0.7999	city	8	city	omission_error	n/a	n/a	n/a	256	1	n/a	n/a	n/a	n/a	n/a	n/a
212.8675	0.7999	city	5	mountain	correct_rejection	n/a	n/a	n/a	257	1	n/a	n/a	n/a	n/a	n/a	n/a
213.6674	0.7999	mountain	2	city	omission_error	n/a	n/a	n/a	258	1	n/a	n/a	n/a	n/a	n/a	n/a
214.4673	0.7999	city	8	city	omission_error	n/a	n/a	n/a	259	1	n/a	n/a	n/a	n/a	n/a	n/a
215.2673	0.8	city	5	city	omission_error	n/a	n/a	n/a	260	1	n/a	n/a	n/a	n/a	n/a	n/a
216.0673	0.7999	city	8	city	omission_error	n/a	n/a	n/a	261	1	n/a	n/a	n/a	n/a	n/a	n/a
216.8672	0.7999	city	3	mountain	correct_rejection	n/a	n/a	n/a	262	1	n/a	n/a	n/a	n/a	n/a	n/a
217.6671	0.7999	mountain	10	city	omission_error	n/a	n/a	n/a	263	1	n/a	n/a	n/a	n/a	n/a	n/a
218.467	0.7999	city	2	city	omission_error	n/a	n/a	n/a	264	1	n/a	n/a	n/a	n/a	n/a	n/a
219.267	0.7999	city	10	city	omission_error	n/a	n/a	n/a	265	1	n/a	n/a	n/a	n/a	n/a	n/a
220.0669	0.7999	city	2	city	omission_error	n/a	n/a	n/a	266	1	n/a	n/a	n/a	n/a	n/a	n/a
220.8669	0.7999	city	8	city	omission_error	n/a	n/a	n/a	267	1	n/a	n/a	n/a	n/a	n/a	n/a
221.6668	0.7999	city	2	city	omission_error	n/a	n/a	n/a	268	1	n/a	n/a	n/a	n/a	n/a	n/a
222.4668	0.7999	city	9	city	omission_error	n/a	n/a	n/a	269	1	n/a	n/a	n/a	n/a	n/a	n/a
223.2667	0.7999	city	10	city	omission_error	n/a	n/a	n/a	270	1	n/a	n/a	n/a	n/a	n/a	n/a
224.0666	0.7999	city	9	city	omission_error	n/a	n/a	n/a	271	1	n/a	n/a	n/a	n/a	n/a	n/a
224.8666	0.8	city	1	city	omission_error	n/a	n/a	n/a	272	1	n/a	n/a	n/a	n/a	n/a	n/a
225.6665	0.7999	city	9	city	omission_error	n/a	n/a	n/a	273	1	n/a	n/a	n/a	n/a	n/a	n/a
226.4665	0.7999	city	4	city	omission_error	n/a	n/a	n/a	274	1	n/a	n/a	n/a	n/a	n/a	n/a
227.2664	0.7999	city	7	city	omission_error	n/a	n/a	n/a	275	1	n/a	n/a	n/a	n/a	n/a	n/a
228.0663	0.7999	city	8	city	omission_error	n/a	n/a	n/a	276	1	n/a	n/a	n/a	n/a	n/a	n/a
228.8663	0.8	city	5	city	omission_error	n/a	n/a	n/a	277	1	n/a	n/a	n/a	n/a	n/a	n/a
229.6662	0.7999	city	7	city	omission_error	n/a	n/a	n/a	278	1	n/a	n/a	n/a	n/a	n/a	n/a
230.4662	0.7999	city	8	city	omission_error	n/a	n/a	n/a	279	1	n/a	n/a	n/a	n/a	n/a	n/a
231.2661	0.7999	city	7	mountain	correct_rejection	n/a	n/a	n/a	280	1	n/a	n/a	n/a	n/a	n/a	n/a
232.066	0.7999	mountain	9	city	omission_error	n/a	n/a	n/a	281	1	n/a	n/a	n/a	n/a	n/a	n/a
232.866	0.7999	city	9	city	omission_error	n/a	n/a	n/a	282	1	n/a	n/a	n/a	n/a	n/a	n/a
233.6659	0.7999	city	5	mountain	correct_rejection	n/a	n/a	n/a	283	1	n/a	n/a	n/a	n/a	n/a	n/a
234.4659	0.8	mountain	5	city	omission_error	n/a	n/a	n/a	284	1	n/a	n/a	n/a	n/a	n/a	n/a
235.2658	0.7999	city	9	city	omission_error	n/a	n/a	n/a	285	1	n/a	n/a	n/a	n/a	n/a	n/a
236.0657	0.7999	city	3	city	omission_error	n/a	n/a	n/a	286	1	n/a	n/a	n/a	n/a	n/a	n/a
236.8657	0.7999	city	5	city	omission_error	n/a	n/a	n/a	287	1	n/a	n/a	n/a	n/a	n/a	n/a
237.6656	0.7999	city	3	city	omission_error	n/a	n/a	n/a	288	1	n/a	n/a	n/a	n/a	n/a	n/a
238.4656	0.7999	city	1	city	omission_error	n/a	n/a	n/a	289	1	n/a	n/a	n/a	n/a	n/a	n/a
239.2655	0.7999	city	6	city	omission_error	n/a	n/a	n/a	290	1	n/a	n/a	n/a	n/a	n/a	n/a
240.0655	0.7999	city	10	city	omission_error	n/a	n/a	n/a	291	1	n/a	n/a	n/a	n/a	n/a	n/a
240.8654	0.7999	city	7	city	omission_error	n/a	n/a	n/a	292	1	n/a	n/a	n/a	n/a	n/a	n/a
241.6653	0.7999	city	10	city	omission_error	n/a	n/a	n/a	293	1	n/a	n/a	n/a	n/a	n/a	n/a
242.4653	0.7999	city	9	city	omission_error	n/a	n/a	n/a	294	1	n/a	n/a	n/a	n/a	n/a	n/a
243.2652	0.8	city	4	city	omission_error	n/a	n/a	n/a	295	1	n/a	n/a	n/a	n/a	n/a	n/a
244.0652	0.7999	city	6	city	omission_error	n/a	n/a	n/a	296	1	n/a	n/a	n/a	n/a	n/a	n/a
244.8651	0.7999	city	10	mountain	correct_rejection	n/a	n/a	n/a	297	1	n/a	n/a	n/a	n/a	n/a	n/a
245.665	0.7999	mountain	3	city	omission_error	n/a	n/a	n/a	298	1	n/a	n/a	n/a	n/a	n/a	n/a
246.465	0.7999	city	9	city	omission_error	n/a	n/a	n/a	299	1	n/a	n/a	n/a	n/a	n/a	n/a
247.2649	0.7999	city	1	city	omission_error	n/a	n/a	n/a	300	1	n/a	n/a	n/a	n/a	n/a	n/a
248.0649	0.7999	city	3	city	omission_error	n/a	n/a	n/a	301	1	n/a	n/a	n/a	n/a	n/a	n/a
248.8648	0.7999	city	1	city	omission_error	n/a	n/a	n/a	302	1	n/a	n/a	n/a	n/a	n/a	n/a
249.6647	0.7999	city	7	city	omission_error	n/a	n/a	n/a	303	1	n/a	n/a	n/a	n/a	n/a	n/a
250.4647	0.7999	city	1	city	omission_error	n/a	n/a	n/a	304	1	n/a	n/a	n/a	n/a	n/a	n/a
251.2646	0.7999	city	3	city	omission_error	n/a	n/a	n/a	305	1	n/a	n/a	n/a	n/a	n/a	n/a
252.0646	0.7999	city	10	mountain	correct_rejection	n/a	n/a	n/a	306	1	n/a	n/a	n/a	n/a	n/a	n/a
252.8645	0.8	mountain	10	city	omission_error	n/a	n/a	n/a	307	1	n/a	n/a	n/a	n/a	n/a	n/a
253.6645	0.7999	city	1	city	omission_error	n/a	n/a	n/a	308	1	n/a	n/a	n/a	n/a	n/a	n/a
254.4644	0.7999	city	6	city	omission_error	n/a	n/a	n/a	309	1	n/a	n/a	n/a	n/a	n/a	n/a
255.2643	0.7999	city	9	city	omission_error	n/a	n/a	n/a	310	1	n/a	n/a	n/a	n/a	n/a	n/a
256.0643	0.7999	city	10	city	omission_error	n/a	n/a	n/a	311	1	n/a	n/a	n/a	n/a	n/a	n/a
256.8642	0.7999	city	7	city	omission_error	n/a	n/a	n/a	312	1	n/a	n/a	n/a	n/a	n/a	n/a
257.6641	0.8	city	10	mountain	correct_rejection	n/a	n/a	n/a	313	1	n/a	n/a	n/a	n/a	n/a	n/a
258.4641	0.7999	mountain	1	city	omission_error	n/a	n/a	n/a	314	1	n/a	n/a	n/a	n/a	n/a	n/a
259.264	0.7999	city	4	city	omission_error	n/a	n/a	n/a	315	1	n/a	n/a	n/a	n/a	n/a	n/a
260.064	0.7999	city	9	city	omission_error	n/a	n/a	n/a	316	1	n/a	n/a	n/a	n/a	n/a	n/a
260.8639	0.7999	city	4	city	omission_error	n/a	n/a	n/a	317	1	n/a	n/a	n/a	n/a	n/a	n/a
261.6639	0.7999	city	7	city	omission_error	n/a	n/a	n/a	318	1	n/a	n/a	n/a	n/a	n/a	n/a
262.4638	0.7999	city	4	city	omission_error	n/a	n/a	n/a	319	1	n/a	n/a	n/a	n/a	n/a	n/a
263.2637	0.7999	city	2	city	omission_error	n/a	n/a	n/a	320	1	n/a	n/a	n/a	n/a	n/a	n/a
264.0637	0.7999	city	9	mountain	correct_rejection	n/a	n/a	n/a	321	1	n/a	n/a	n/a	n/a	n/a	n/a
264.8636	0.7999	mountain	7	city	omission_error	n/a	n/a	n/a	322	1	n/a	n/a	n/a	n/a	n/a	n/a
265.6636	0.7999	city	3	city	omission_error	n/a	n/a	n/a	323	1	n/a	n/a	n/a	n/a	n/a	n/a
266.4635	0.7999	city	9	city	omission_error	n/a	n/a	n/a	324	1	n/a	n/a	n/a	n/a	n/a	n/a
267.2634	0.7999	city	7	city	omission_error	n/a	n/a	n/a	325	1	n/a	n/a	n/a	n/a	n/a	n/a
268.0634	0.7999	city	1	city	omission_error	n/a	n/a	n/a	326	1	n/a	n/a	n/a	n/a	n/a	n/a
268.8633	0.7999	city	2	city	omission_error	n/a	n/a	n/a	327	1	n/a	n/a	n/a	n/a	n/a	n/a
269.6633	0.7999	city	1	city	omission_error	n/a	n/a	n/a	328	1	n/a	n/a	n/a	n/a	n/a	n/a
270.4632	0.7999	city	8	city	omission_error	n/a	n/a	n/a	329	1	n/a	n/a	n/a	n/a	n/a	n/a
271.2631	0.8	city	1	city	omission_error	n/a	n/a	n/a	330	1	n/a	n/a	n/a	n/a	n/a	n/a
272.0631	0.7999	city	3	city	omission_error	n/a	n/a	n/a	331	1	n/a	n/a	n/a	n/a	n/a	n/a
272.863	0.7999	city	7	city	omission_error	n/a	n/a	n/a	332	1	n/a	n/a	n/a	n/a	n/a	n/a
273.663	0.7999	city	3	city	omission_error	n/a	n/a	n/a	333	1	n/a	n/a	n/a	n/a	n/a	n/a
274.4629	0.8	city	2	city	omission_error	n/a	n/a	n/a	334	1	n/a	n/a	n/a	n/a	n/a	n/a
275.2628	0.7999	city	8	city	omission_error	n/a	n/a	n/a	335	1	n/a	n/a	n/a	n/a	n/a	n/a
276.0628	0.7999	city	10	city	omission_error	n/a	n/a	n/a	336	1	n/a	n/a	n/a	n/a	n/a	n/a
276.8627	0.7999	city	2	city	omission_error	n/a	n/a	n/a	337	1	n/a	n/a	n/a	n/a	n/a	n/a
277.6627	0.7999	city	8	city	omission_error	n/a	n/a	n/a	338	1	n/a	n/a	n/a	n/a	n/a	n/a
278.4626	0.8	city	5	city	omission_error	n/a	n/a	n/a	339	1	n/a	n/a	n/a	n/a	n/a	n/a
279.2625	0.7999	city	3	city	omission_error	n/a	n/a	n/a	340	1	n/a	n/a	n/a	n/a	n/a	n/a
280.0625	0.7999	city	4	city	omission_error	n/a	n/a	n/a	341	1	n/a	n/a	n/a	n/a	n/a	n/a
280.8624	0.8	city	7	city	omission_error	n/a	n/a	n/a	342	1	n/a	n/a	n/a	n/a	n/a	n/a
281.6624	0.7999	city	4	city	omission_error	n/a	n/a	n/a	343	1	n/a	n/a	n/a	n/a	n/a	n/a
282.4623	0.7999	city	3	city	omission_error	n/a	n/a	n/a	344	1	n/a	n/a	n/a	n/a	n/a	n/a
283.2622	0.7999	city	10	city	omission_error	n/a	n/a	n/a	345	1	n/a	n/a	n/a	n/a	n/a	n/a
284.0622	0.7999	city	7	city	omission_error	n/a	n/a	n/a	346	1	n/a	n/a	n/a	n/a	n/a	n/a
284.8621	0.7999	city	10	city	omission_error	n/a	n/a	n/a	347	1	n/a	n/a	n/a	n/a	n/a	n/a
285.6621	0.7999	city	1	city	omission_error	n/a	n/a	n/a	348	1	n/a	n/a	n/a	n/a	n/a	n/a
286.462	0.7999	city	7	city	omission_error	n/a	n/a	n/a	349	1	n/a	n/a	n/a	n/a	n/a	n/a
287.262	0.7999	city	5	city	omission_error	n/a	n/a	n/a	350	1	n/a	n/a	n/a	n/a	n/a	n/a
288.0619	0.7999	city	10	city	omission_error	n/a	n/a	n/a	351	1	n/a	n/a	n/a	n/a	n/a	n/a
288.8618	0.7999	city	4	city	omission_error	n/a	n/a	n/a	352	1	n/a	n/a	n/a	n/a	n/a	n/a
289.6618	0.7999	city	1	mountain	correct_rejection	n/a	n/a	n/a	353	1	n/a	n/a	n/a	n/a	n/a	n/a
290.4617	0.8	mountain	1	city	omission_error	n/a	n/a	n/a	354	1	n/a	n/a	n/a	n/a	n/a	n/a
291.2617	0.7999	city	10	city	omission_error	n/a	n/a	n/a	355	1	n/a	n/a	n/a	n/a	n/a	n/a
292.0616	0.7999	city	7	city	omission_error	n/a	n/a	n/a	356	1	n/a	n/a	n/a	n/a	n/a	n/a
292.8615	0.7999	city	10	city	omission_error	n/a	n/a	n/a	357	1	n/a	n/a	n/a	n/a	n/a	n/a
293.6615	0.7999	city	8	city	omission_error	n/a	n/a	n/a	358	1	n/a	n/a	n/a	n/a	n/a	n/a
294.4614	0.7999	city	4	city	omission_error	n/a	n/a	n/a	359	1	n/a	n/a	n/a	n/a	n/a	n/a
295.2614	0.7999	city	5	city	omission_error	n/a	n/a	n/a	360	1	n/a	n/a	n/a	n/a	n/a	n/a
296.0613	0.7999	city	6	city	omission_error	n/a	n/a	n/a	361	1	n/a	n/a	n/a	n/a	n/a	n/a
296.8612	0.7999	city	5	city	omission_error	n/a	n/a	n/a	362	1	n/a	n/a	n/a	n/a	n/a	n/a
297.6612	0.7999	city	1	city	omission_error	n/a	n/a	n/a	363	1	n/a	n/a	n/a	n/a	n/a	n/a
298.4611	0.8	city	9	city	omission_error	n/a	n/a	n/a	364	1	n/a	n/a	n/a	n/a	n/a	n/a
299.2611	0.7999	city	7	city	omission_error	n/a	n/a	n/a	365	1	n/a	n/a	n/a	n/a	n/a	n/a
300.061	0.8	city	5	city	omission_error	n/a	n/a	n/a	366	1	n/a	n/a	n/a	n/a	n/a	n/a
300.861	0.7999	city	7	city	omission_error	n/a	n/a	n/a	367	1	n/a	n/a	n/a	n/a	n/a	n/a
301.6609	0.7999	city	8	city	omission_error	n/a	n/a	n/a	368	1	n/a	n/a	n/a	n/a	n/a	n/a
302.4608	0.7999	city	3	city	omission_error	n/a	n/a	n/a	369	1	n/a	n/a	n/a	n/a	n/a	n/a
303.2608	0.7999	city	8	city	omission_error	n/a	n/a	n/a	370	1	n/a	n/a	n/a	n/a	n/a	n/a
304.0607	0.7999	city	1	city	omission_error	n/a	n/a	n/a	371	1	n/a	n/a	n/a	n/a	n/a	n/a
304.8606	0.7999	city	8	city	omission_error	n/a	n/a	n/a	372	1	n/a	n/a	n/a	n/a	n/a	n/a
305.6606	0.7999	city	9	city	omission_error	n/a	n/a	n/a	373	1	n/a	n/a	n/a	n/a	n/a	n/a
306.4605	0.7999	city	10	city	omission_error	n/a	n/a	n/a	374	1	n/a	n/a	n/a	n/a	n/a	n/a
307.2605	0.7999	city	4	mountain	correct_rejection	n/a	n/a	n/a	375	1	n/a	n/a	n/a	n/a	n/a	n/a
308.0604	0.7999	mountain	3	city	omission_error	n/a	n/a	n/a	376	1	n/a	n/a	n/a	n/a	n/a	n/a
308.8603	0.8	city	9	city	omission_error	n/a	n/a	n/a	377	1	n/a	n/a	n/a	n/a	n/a	n/a
309.6603	0.7999	city	2	city	omission_error	n/a	n/a	n/a	378	1	n/a	n/a	n/a	n/a	n/a	n/a
310.4602	0.7999	city	3	city	omission_error	n/a	n/a	n/a	379	1	n/a	n/a	n/a	n/a	n/a	n/a
311.2602	0.7999	city	4	city	omission_error	n/a	n/a	n/a	380	1	n/a	n/a	n/a	n/a	n/a	n/a
312.0601	0.8	city	5	city	omission_error	n/a	n/a	n/a	381	1	n/a	n/a	n/a	n/a	n/a	n/a
312.86	0.7999	city	7	mountain	correct_rejection	n/a	n/a	n/a	382	1	n/a	n/a	n/a	n/a	n/a	n/a
313.66	0.7999	mountain	6	city	omission_error	n/a	n/a	n/a	383	1	n/a	n/a	n/a	n/a	n/a	n/a
314.4599	0.7999	city	8	city	omission_error	n/a	n/a	n/a	384	1	n/a	n/a	n/a	n/a	n/a	n/a
315.2599	0.7999	city	1	city	omission_error	n/a	n/a	n/a	385	1	n/a	n/a	n/a	n/a	n/a	n/a
316.0598	0.7999	city	3	city	omission_error	n/a	n/a	n/a	386	1	n/a	n/a	n/a	n/a	n/a	n/a
316.8598	0.7999	city	1	city	omission_error	n/a	n/a	n/a	387	1	n/a	n/a	n/a	n/a	n/a	n/a
317.6597	0.7999	city	8	city	omission_error	n/a	n/a	n/a	388	1	n/a	n/a	n/a	n/a	n/a	n/a
318.4596	0.8	city	3	city	omission_error	n/a	n/a	n/a	389	1	n/a	n/a	n/a	n/a	n/a	n/a
319.2596	0.7999	city	1	city	omission_error	n/a	n/a	n/a	390	1	n/a	n/a	n/a	n/a	n/a	n/a
320.0595	0.7999	city	10	city	omission_error	n/a	n/a	n/a	391	1	n/a	n/a	n/a	n/a	n/a	n/a
320.8595	0.7999	city	8	city	omission_error	n/a	n/a	n/a	392	1	n/a	n/a	n/a	n/a	n/a	n/a
321.6594	0.7999	city	5	city	omission_error	n/a	n/a	n/a	393	1	n/a	n/a	n/a	n/a	n/a	n/a
322.4593	0.7999	city	7	mountain	correct_rejection	n/a	n/a	n/a	394	1	n/a	n/a	n/a	n/a	n/a	n/a
323.2593	0.8	mountain	4	city	omission_error	n/a	n/a	n/a	395	1	n/a	n/a	n/a	n/a	n/a	n/a
324.0593	0.7999	city	6	city	omission_error	n/a	n/a	n/a	396	1	n/a	n/a	n/a	n/a	n/a	n/a
324.8592	0.7999	city	7	city	omission_error	n/a	n/a	n/a	397	1	n/a	n/a	n/a	n/a	n/a	n/a
325.6591	0.7999	city	3	city	omission_error	n/a	n/a	n/a	398	1	n/a	n/a	n/a	n/a	n/a	n/a
326.459	0.7999	city	10	city	omission_error	n/a	n/a	n/a	399	1	n/a	n/a	n/a	n/a	n/a	n/a
327.259	0.7999	city	9	city	omission_error	n/a	n/a	n/a	400	1	n/a	n/a	n/a	n/a	n/a	n/a
328.0589	0.8	city	10	city	omission_error	n/a	n/a	n/a	401	1	n/a	n/a	n/a	n/a	n/a	n/a
328.8589	0.7999	city	6	city	omission_error	n/a	n/a	n/a	402	1	n/a	n/a	n/a	n/a	n/a	n/a
329.6588	0.7999	city	4	city	omission_error	n/a	n/a	n/a	403	1	n/a	n/a	n/a	n/a	n/a	n/a
330.4588	0.7999	city	8	city	omission_error	n/a	n/a	n/a	404	1	n/a	n/a	n/a	n/a	n/a	n/a
331.2587	0.7999	city	5	city	omission_error	n/a	n/a	n/a	405	1	n/a	n/a	n/a	n/a	n/a	n/a
332.0586	0.7999	city	10	city	omission_error	n/a	n/a	n/a	406	1	n/a	n/a	n/a	n/a	n/a	n/a
332.8586	0.7999	city	1	city	omission_error	n/a	n/a	n/a	407	1	n/a	n/a	n/a	n/a	n/a	n/a
333.6585	0.7999	city	10	city	omission_error	n/a	n/a	n/a	408	1	n/a	n/a	n/a	n/a	n/a	n/a
334.4585	0.7999	city	3	mountain	commission_error	1.083	62.5	reattributed_from_following_trial	409	1	n/a	n/a	n/a	n/a	n/a	n/a
335.2584	0.7999	mountain	5	city	omission_error	n/a	n/a	n/a	410	1	0.283	37.5	n/a	n/a	n/a	n/a
336.0583	0.7999	city	1	mountain	commission_error	0.8603	87.5	reattributed_from_following_trial	411	1	n/a	n/a	n/a	n/a	n/a	n/a
336.8583	0.7999	mountain	4	city	omission_error	n/a	n/a	n/a	412	1	0.0604	12.5	n/a	n/a	n/a	n/a
337.6582	0.8	city	10	city	omission_error	n/a	n/a	n/a	413	1	n/a	n/a	n/a	n/a	n/a	n/a
338.4582	0.7999	city	8	city	omission_error	n/a	n/a	n/a	414	1	n/a	n/a	n/a	n/a	n/a	n/a
339.2581	0.7999	city	6	city	omission_error	n/a	n/a	n/a	415	1	n/a	n/a	n/a	n/a	n/a	n/a
340.058	0.7999	city	7	city	omission_error	n/a	n/a	n/a	416	1	n/a	n/a	n/a	n/a	n/a	n/a
340.858	0.7999	city	6	city	omission_error	n/a	n/a	n/a	417	1	n/a	n/a	n/a	n/a	n/a	n/a
341.6579	0.7999	city	7	city	omission_error	n/a	n/a	n/a	418	1	n/a	n/a	n/a	n/a	n/a	n/a
342.4579	0.7999	city	4	city	omission_error	n/a	n/a	n/a	419	1	n/a	n/a	n/a	n/a	n/a	n/a
343.2578	0.7999	city	6	mountain	commission_error	0.9509	75.0	reattributed_from_following_trial	420	1	n/a	n/a	n/a	n/a	n/a	n/a
344.0577	0.7999	mountain	6	city	hit	0.4509	62.5	own_trial	421	1	0.151	25.0	0.4509	62.5	n/a	n/a
344.8577	0.7999	city	7	city	omission_error	n/a	n/a	n/a	422	1	n/a	n/a	n/a	n/a	n/a	n/a
345.6576	0.7999	city	9	city	omission_error	n/a	n/a	n/a	423	1	n/a	n/a	n/a	n/a	n/a	n/a
346.4576	0.7999	city	4	city	omission_error	n/a	n/a	n/a	424	1	n/a	n/a	n/a	n/a	n/a	n/a
347.2575	0.7999	city	5	city	omission_error	n/a	n/a	n/a	425	1	n/a	n/a	n/a	n/a	n/a	n/a
348.0574	0.8	city	3	city	omission_error	n/a	n/a	n/a	426	1	n/a	n/a	n/a	n/a	n/a	n/a
348.8574	0.7999	city	9	city	omission_error	n/a	n/a	n/a	427	1	n/a	n/a	n/a	n/a	n/a	n/a
349.6573	0.7999	city	1	city	omission_error	n/a	n/a	n/a	428	1	n/a	n/a	n/a	n/a	n/a	n/a
350.4573	0.7999	city	2	city	omission_error	n/a	n/a	n/a	429	1	n/a	n/a	n/a	n/a	n/a	n/a
351.2572	0.7999	city	9	city	omission_error	n/a	n/a	n/a	430	1	n/a	n/a	n/a	n/a	n/a	n/a
352.0571	0.7999	city	2	city	omission_error	n/a	n/a	n/a	431	1	n/a	n/a	n/a	n/a	n/a	n/a
352.8571	0.7999	city	1	city	omission_error	n/a	n/a	n/a	432	1	n/a	n/a	n/a	n/a	n/a	n/a
353.657	0.7999	city	9	city	omission_error	n/a	n/a	n/a	433	1	n/a	n/a	n/a	n/a	n/a	n/a
354.457	0.7999	city	5	city	omission_error	n/a	n/a	n/a	434	1	n/a	n/a	n/a	n/a	n/a	n/a
355.2569	0.7999	city	9	city	omission_error	n/a	n/a	n/a	435	1	n/a	n/a	n/a	n/a	n/a	n/a
356.0568	0.8	city	3	city	omission_error	n/a	n/a	n/a	436	1	n/a	n/a	n/a	n/a	n/a	n/a
356.8568	0.7999	city	2	city	omission_error	n/a	n/a	n/a	437	1	n/a	n/a	n/a	n/a	n/a	n/a
357.6567	0.8	city	3	city	omission_error	n/a	n/a	n/a	438	1	n/a	n/a	n/a	n/a	n/a	n/a
358.4567	0.7999	city	5	city	omission_error	n/a	n/a	n/a	439	1	n/a	n/a	n/a	n/a	n/a	n/a
359.2566	0.7999	city	2	city	omission_error	n/a	n/a	n/a	440	1	n/a	n/a	n/a	n/a	n/a	n/a
360.0566	0.7999	city	4	mountain	correct_rejection	n/a	n/a	n/a	441	1	n/a	n/a	n/a	n/a	n/a	n/a
360.8565	0.7999	mountain	3	city	omission_error	n/a	n/a	n/a	442	1	n/a	n/a	n/a	n/a	n/a	n/a
361.6564	0.7999	city	2	city	omission_error	n/a	n/a	n/a	443	1	n/a	n/a	n/a	n/a	n/a	n/a
362.4564	0.7999	city	7	city	omission_error	n/a	n/a	n/a	444	1	n/a	n/a	n/a	n/a	n/a	n/a
363.2563	0.7999	city	2	city	omission_error	n/a	n/a	n/a	445	1	n/a	n/a	n/a	n/a	n/a	n/a
364.0563	0.7999	city	10	mountain	correct_rejection	n/a	n/a	n/a	446	1	n/a	n/a	n/a	n/a	n/a	n/a
364.8562	0.8	mountain	9	mountain	correct_rejection	n/a	n/a	n/a	447	1	n/a	n/a	n/a	n/a	n/a	n/a
365.6562	0.8	mountain	6	city	omission_error	n/a	n/a	n/a	448	1	n/a	n/a	n/a	n/a	n/a	n/a
366.4561	0.7999	city	7	mountain	correct_rejection	n/a	n/a	n/a	449	1	n/a	n/a	n/a	n/a	n/a	n/a
367.256	0.7999	mountain	1	unknown(0)	undefined	n/a	n/a	n/a	450	1	n/a	n/a	n/a	n/a	n/a	n/a
