onset	duration	trial_type	trial_num	block_num	block_type	predetermined_outcome	response_time	key_pressed	number_shown
8.0161	1.4999	card_decision	1	1	NEG	loss	n/a	n/a	n/a
9.516	0.5001	number_reveal	1	1	NEG	loss	n/a	n/a	n/a
10.0161	0.4999	feedback_none	1	1	NEG	loss	n/a	n/a	n/a
11.516	1.4998	card_decision	2	1	NEG	loss	n/a	n/a	n/a
13.0158	0.5	number_reveal	2	1	NEG	loss	n/a	n/a	n/a
13.5158	0.5	feedback_none	2	1	NEG	loss	n/a	n/a	n/a
15.0158	1.4998	card_decision	3	1	NEG	loss	n/a	n/a	n/a
16.5156	0.5001	number_reveal	3	1	NEG	loss	n/a	n/a	n/a
17.0156	0.5	feedback_none	3	1	NEG	loss	n/a	n/a	n/a
18.5156	1.4998	card_decision	4	1	NEG	loss	n/a	n/a	n/a
20.0154	0.5001	number_reveal	4	1	NEG	loss	n/a	n/a	n/a
20.5154	0.5	feedback_none	4	1	NEG	loss	n/a	n/a	n/a
22.0153	1.4998	card_decision	5	1	NEG	win	n/a	n/a	n/a
23.5152	0.5	number_reveal	5	1	NEG	win	n/a	n/a	n/a
24.0152	0.5	feedback_none	5	1	NEG	win	n/a	n/a	n/a
25.5151	1.4998	card_decision	6	1	NEG	loss	n/a	n/a	n/a
27.0149	0.5001	number_reveal	6	1	NEG	loss	n/a	n/a	n/a
27.515	0.4999	feedback_none	6	1	NEG	loss	n/a	n/a	n/a
29.0149	1.4998	card_decision	7	1	NEG	loss	n/a	n/a	n/a
30.5147	0.5001	number_reveal	7	1	NEG	loss	n/a	n/a	n/a
31.0148	0.4999	feedback_none	7	1	NEG	loss	n/a	n/a	n/a
32.5147	1.4998	card_decision	8	1	NEG	win	n/a	n/a	n/a
34.0145	0.5001	number_reveal	8	1	NEG	win	n/a	n/a	n/a
34.5146	0.5	feedback_none	8	1	NEG	win	n/a	n/a	n/a
36.0145	1.4999	card_decision	9	1	NEG	win	0.6901	higher	n/a
37.5144	0.5	number_reveal	9	1	NEG	win	n/a	n/a	7
38.0143	0.5	feedback_win	9	1	NEG	win	n/a	n/a	n/a
39.5143	1.4999	card_decision	10	1	NEG	loss	0.651	lower	n/a
41.0142	0.5	number_reveal	10	1	NEG	loss	n/a	n/a	9
41.5141	0.5	feedback_loss	10	1	NEG	loss	n/a	n/a	n/a
44.014	1.4999	card_decision	11	2	NEG	loss	0.3185	higher	n/a
45.5139	0.5	number_reveal	11	2	NEG	loss	n/a	n/a	3
46.0139	0.5	feedback_loss	11	2	NEG	loss	n/a	n/a	n/a
47.5138	1.4999	card_decision	12	2	NEG	win	0.3732	lower	n/a
49.0137	0.5	number_reveal	12	2	NEG	win	n/a	n/a	2
49.5136	0.5	feedback_win	12	2	NEG	win	n/a	n/a	n/a
51.0136	1.4999	card_decision	13	2	NEG	loss	0.4536	higher	n/a
52.5135	0.5	number_reveal	13	2	NEG	loss	n/a	n/a	1
53.0134	0.5	feedback_loss	13	2	NEG	loss	n/a	n/a	n/a
54.5133	1.4999	card_decision	14	2	NEG	win	0.444	lower	n/a
56.0132	0.5	number_reveal	14	2	NEG	win	n/a	n/a	1
56.5132	0.5	feedback_win	14	2	NEG	win	n/a	n/a	n/a
58.0131	1.4999	card_decision	15	2	NEG	loss	0.2777	lower	n/a
59.513	0.5	number_reveal	15	2	NEG	loss	n/a	n/a	8
60.013	0.5	feedback_loss	15	2	NEG	loss	n/a	n/a	n/a
61.5129	1.4999	card_decision	16	2	NEG	win	0.3531	higher	n/a
63.0128	0.5	number_reveal	16	2	NEG	win	n/a	n/a	9
63.5128	0.5	feedback_win	16	2	NEG	win	n/a	n/a	n/a
65.0127	1.4999	card_decision	17	2	NEG	loss	0.3693	higher	n/a
66.5126	0.5	number_reveal	17	2	NEG	loss	n/a	n/a	2
67.0126	0.5	feedback_loss	17	2	NEG	loss	n/a	n/a	n/a
68.5125	1.4999	card_decision	18	2	NEG	loss	0.3895	lower	n/a
70.0124	0.5	number_reveal	18	2	NEG	loss	n/a	n/a	8
70.5123	0.5	feedback_loss	18	2	NEG	loss	n/a	n/a	n/a
72.0123	1.4999	card_decision	19	2	NEG	loss	0.2736	higher	n/a
73.5122	0.5	number_reveal	19	2	NEG	loss	n/a	n/a	1
74.0121	0.5	feedback_loss	19	2	NEG	loss	n/a	n/a	n/a
75.5121	1.4999	card_decision	20	2	NEG	loss	0.3426	lower	n/a
77.0119	0.5	number_reveal	20	2	NEG	loss	n/a	n/a	8
77.5119	0.4999	feedback_loss	20	2	NEG	loss	n/a	n/a	n/a
80.0117	1.4999	card_decision	21	3	NEG	loss	0.39	lower	n/a
81.5117	0.5	number_reveal	21	3	NEG	loss	n/a	n/a	9
82.0116	0.5	feedback_loss	21	3	NEG	loss	n/a	n/a	n/a
83.5115	1.4999	card_decision	22	3	NEG	loss	0.3221	higher	n/a
85.0114	0.5	number_reveal	22	3	NEG	loss	n/a	n/a	1
85.5114	0.5	feedback_loss	22	3	NEG	loss	n/a	n/a	n/a
87.0113	1.4999	card_decision	23	3	NEG	loss	0.4062	higher	n/a
88.5112	0.5	number_reveal	23	3	NEG	loss	n/a	n/a	1
89.0112	0.4999	feedback_loss	23	3	NEG	loss	n/a	n/a	n/a
90.5111	1.4999	card_decision	24	3	NEG	win	0.2606	lower	n/a
92.011	0.5	number_reveal	24	3	NEG	win	n/a	n/a	1
92.511	0.5	feedback_win	24	3	NEG	win	n/a	n/a	n/a
94.0109	1.4999	card_decision	25	3	NEG	win	0.2655	lower	n/a
95.5108	0.5	number_reveal	25	3	NEG	win	n/a	n/a	1
96.0108	0.5	feedback_win	25	3	NEG	win	n/a	n/a	n/a
97.5107	1.4999	card_decision	26	3	NEG	loss	0.2996	lower	n/a
99.0106	0.5	number_reveal	26	3	NEG	loss	n/a	n/a	6
99.5106	0.5	feedback_loss	26	3	NEG	loss	n/a	n/a	n/a
101.0105	1.4999	card_decision	27	3	NEG	win	0.3161	higher	n/a
102.5104	0.5	number_reveal	27	3	NEG	win	n/a	n/a	7
103.0103	0.5	feedback_win	27	3	NEG	win	n/a	n/a	n/a
104.5102	1.4999	card_decision	28	3	NEG	loss	0.2944	higher	n/a
106.0102	0.5	number_reveal	28	3	NEG	loss	n/a	n/a	4
106.5101	0.5	feedback_loss	28	3	NEG	loss	n/a	n/a	n/a
108.01	1.4999	card_decision	29	3	NEG	loss	0.2584	lower	n/a
109.5099	0.5	number_reveal	29	3	NEG	loss	n/a	n/a	7
110.0099	0.5	feedback_loss	29	3	NEG	loss	n/a	n/a	n/a
111.5098	1.4999	card_decision	30	3	NEG	loss	0.456	higher	n/a
113.0097	0.5	number_reveal	30	3	NEG	loss	n/a	n/a	2
113.5097	0.5	feedback_loss	30	3	NEG	loss	n/a	n/a	n/a
116.0095	1.4999	card_decision	31	4	NEG	win	0.3197	lower	n/a
117.5094	0.5	number_reveal	31	4	NEG	win	n/a	n/a	3
118.0094	0.5	feedback_win	31	4	NEG	win	n/a	n/a	n/a
119.5093	1.4999	card_decision	32	4	NEG	loss	0.4175	higher	n/a
121.0092	0.4999	number_reveal	32	4	NEG	loss	n/a	n/a	4
121.5092	0.5	feedback_loss	32	4	NEG	loss	n/a	n/a	n/a
123.0091	1.4999	card_decision	33	4	NEG	loss	0.2701	lower	n/a
124.509	0.5	number_reveal	33	4	NEG	loss	n/a	n/a	6
125.009	0.5	feedback_loss	33	4	NEG	loss	n/a	n/a	n/a
126.5089	1.4999	card_decision	34	4	NEG	loss	0.2656	lower	n/a
128.0088	0.4999	number_reveal	34	4	NEG	loss	n/a	n/a	6
128.5088	0.5	feedback_loss	34	4	NEG	loss	n/a	n/a	n/a
130.0087	1.4999	card_decision	35	4	NEG	win	0.9653	higher	n/a
131.5086	0.5	number_reveal	35	4	NEG	win	n/a	n/a	9
132.0086	0.5	feedback_win	35	4	NEG	win	n/a	n/a	n/a
133.5085	1.4999	card_decision	36	4	NEG	loss	0.2801	higher	n/a
135.0084	0.5	number_reveal	36	4	NEG	loss	n/a	n/a	1
135.5083	0.5	feedback_loss	36	4	NEG	loss	n/a	n/a	n/a
137.0083	1.4999	card_decision	37	4	NEG	loss	0.4161	lower	n/a
138.5082	0.5	number_reveal	37	4	NEG	loss	n/a	n/a	9
139.0081	0.5	feedback_loss	37	4	NEG	loss	n/a	n/a	n/a
140.508	1.4999	card_decision	38	4	NEG	win	0.2081	higher	n/a
142.0079	0.4999	number_reveal	38	4	NEG	win	n/a	n/a	7
142.5079	0.5	feedback_win	38	4	NEG	win	n/a	n/a	n/a
144.0078	1.4999	card_decision	39	4	NEG	loss	0.3722	higher	n/a
145.5077	0.5	number_reveal	39	4	NEG	loss	n/a	n/a	4
146.0077	0.5	feedback_loss	39	4	NEG	loss	n/a	n/a	n/a
147.5076	1.4999	card_decision	40	4	NEG	loss	0.3263	lower	n/a
149.0075	0.4999	number_reveal	40	4	NEG	loss	n/a	n/a	8
149.5075	0.5	feedback_loss	40	4	NEG	loss	n/a	n/a	n/a
152.0073	1.4999	card_decision	41	5	NEG	win	0.5036	higher	n/a
153.5072	0.5	number_reveal	41	5	NEG	win	n/a	n/a	6
154.0072	0.5	feedback_win	41	5	NEG	win	n/a	n/a	n/a
155.5071	1.4999	card_decision	42	5	NEG	loss	0.5827	higher	n/a
157.007	0.4999	number_reveal	42	5	NEG	loss	n/a	n/a	1
157.507	0.5	feedback_loss	42	5	NEG	loss	n/a	n/a	n/a
159.0069	1.4999	card_decision	43	5	NEG	loss	0.4007	lower	n/a
160.5068	0.5	number_reveal	43	5	NEG	loss	n/a	n/a	8
161.0068	0.5	feedback_loss	43	5	NEG	loss	n/a	n/a	n/a
162.5067	1.4999	card_decision	44	5	NEG	loss	0.535	higher	n/a
164.0066	0.4999	number_reveal	44	5	NEG	loss	n/a	n/a	3
164.5066	0.5	feedback_loss	44	5	NEG	loss	n/a	n/a	n/a
166.0065	1.4999	card_decision	45	5	NEG	loss	0.3201	higher	n/a
167.5064	0.5	number_reveal	45	5	NEG	loss	n/a	n/a	1
168.0063	0.5	feedback_loss	45	5	NEG	loss	n/a	n/a	n/a
169.5063	1.4999	card_decision	46	5	NEG	loss	0.7492	higher	n/a
171.0062	0.5	number_reveal	46	5	NEG	loss	n/a	n/a	1
171.5061	0.5	feedback_loss	46	5	NEG	loss	n/a	n/a	n/a
173.0061	1.4999	card_decision	47	5	NEG	win	0.2894	lower	n/a
174.506	0.5	number_reveal	47	5	NEG	win	n/a	n/a	2
175.0059	0.5	feedback_win	47	5	NEG	win	n/a	n/a	n/a
176.5058	1.4999	card_decision	48	5	NEG	loss	0.2318	lower	n/a
178.0057	0.4999	number_reveal	48	5	NEG	loss	n/a	n/a	9
178.5057	0.5	feedback_loss	48	5	NEG	loss	n/a	n/a	n/a
180.0056	1.4999	card_decision	49	5	NEG	win	0.3938	higher	n/a
181.5055	0.5	number_reveal	49	5	NEG	win	n/a	n/a	6
182.0055	0.5	feedback_win	49	5	NEG	win	n/a	n/a	n/a
183.5054	1.4999	card_decision	50	5	NEG	loss	0.3641	higher	n/a
185.0053	0.5	number_reveal	50	5	NEG	loss	n/a	n/a	3
185.5053	0.5	feedback_loss	50	5	NEG	loss	n/a	n/a	n/a
188.0051	1.4999	card_decision	51	6	POS	loss	0.5168	lower	n/a
189.505	0.5	number_reveal	51	6	POS	loss	n/a	n/a	6
190.005	0.5	feedback_loss	51	6	POS	loss	n/a	n/a	n/a
191.5049	1.4999	card_decision	52	6	POS	win	0.2435	higher	n/a
193.0048	0.5	number_reveal	52	6	POS	win	n/a	n/a	8
193.5048	0.5	feedback_win	52	6	POS	win	n/a	n/a	n/a
195.0047	1.4999	card_decision	53	6	POS	win	0.2761	higher	n/a
196.5046	0.5	number_reveal	53	6	POS	win	n/a	n/a	9
197.0046	0.5	feedback_win	53	6	POS	win	n/a	n/a	n/a
198.5045	1.4999	card_decision	54	6	POS	win	0.4266	higher	n/a
200.0044	0.5	number_reveal	54	6	POS	win	n/a	n/a	9
200.5044	0.5	feedback_win	54	6	POS	win	n/a	n/a	n/a
202.0043	1.4999	card_decision	55	6	POS	win	0.2509	higher	n/a
203.5042	0.5	number_reveal	55	6	POS	win	n/a	n/a	7
204.0041	0.5	feedback_win	55	6	POS	win	n/a	n/a	n/a
205.504	1.4999	card_decision	56	6	POS	loss	0.313	higher	n/a
207.004	0.5	number_reveal	56	6	POS	loss	n/a	n/a	4
207.5039	0.5	feedback_loss	56	6	POS	loss	n/a	n/a	n/a
209.0038	1.4999	card_decision	57	6	POS	loss	0.2572	lower	n/a
210.5037	0.5	number_reveal	57	6	POS	loss	n/a	n/a	7
211.0037	0.5	feedback_loss	57	6	POS	loss	n/a	n/a	n/a
212.5036	1.4999	card_decision	58	6	POS	win	0.2815	higher	n/a
214.0035	0.5	number_reveal	58	6	POS	win	n/a	n/a	6
214.5035	0.5	feedback_win	58	6	POS	win	n/a	n/a	n/a
216.0034	1.4999	card_decision	59	6	POS	win	0.2587	higher	n/a
217.5033	0.5	number_reveal	59	6	POS	win	n/a	n/a	8
218.0033	0.5	feedback_win	59	6	POS	win	n/a	n/a	n/a
219.5032	1.4999	card_decision	60	6	POS	win	0.2928	higher	n/a
221.0031	0.5	number_reveal	60	6	POS	win	n/a	n/a	9
221.5031	0.5	feedback_win	60	6	POS	win	n/a	n/a	n/a
224.0029	1.4999	card_decision	61	7	POS	win	0.2471	higher	n/a
225.5028	0.4999	number_reveal	61	7	POS	win	n/a	n/a	9
226.0028	0.5	feedback_win	61	7	POS	win	n/a	n/a	n/a
227.5027	1.4999	card_decision	62	7	POS	loss	0.5302	higher	n/a
229.0026	0.5	number_reveal	62	7	POS	loss	n/a	n/a	1
229.5026	0.5	feedback_loss	62	7	POS	loss	n/a	n/a	n/a
231.0025	1.4999	card_decision	63	7	POS	loss	0.2574	lower	n/a
232.5024	0.5	number_reveal	63	7	POS	loss	n/a	n/a	8
233.0024	0.5	feedback_loss	63	7	POS	loss	n/a	n/a	n/a
234.5023	1.4999	card_decision	64	7	POS	win	0.3116	higher	n/a
236.0022	0.5	number_reveal	64	7	POS	win	n/a	n/a	7
236.5022	0.5	feedback_win	64	7	POS	win	n/a	n/a	n/a
238.0021	1.4999	card_decision	65	7	POS	win	0.4096	higher	n/a
239.502	0.5	number_reveal	65	7	POS	win	n/a	n/a	6
240.0019	0.5	feedback_win	65	7	POS	win	n/a	n/a	n/a
241.5019	1.4999	card_decision	66	7	POS	win	0.7029	lower	n/a
243.0018	0.5	number_reveal	66	7	POS	win	n/a	n/a	2
243.5017	0.5	feedback_win	66	7	POS	win	n/a	n/a	n/a
245.0016	1.4999	card_decision	67	7	POS	win	0.6683	higher	n/a
246.5016	0.4999	number_reveal	67	7	POS	win	n/a	n/a	7
247.0015	0.5	feedback_win	67	7	POS	win	n/a	n/a	n/a
248.5014	1.4999	card_decision	68	7	POS	win	0.5903	higher	n/a
250.0013	0.5	number_reveal	68	7	POS	win	n/a	n/a	7
250.5013	0.5	feedback_win	68	7	POS	win	n/a	n/a	n/a
252.0012	1.4999	card_decision	69	7	POS	loss	0.3692	lower	n/a
253.5011	0.5	number_reveal	69	7	POS	loss	n/a	n/a	8
254.0011	0.5	feedback_loss	69	7	POS	loss	n/a	n/a	n/a
255.501	1.4999	card_decision	70	7	POS	win	0.5596	higher	n/a
257.0009	0.5	number_reveal	70	7	POS	win	n/a	n/a	6
257.5009	0.5	feedback_win	70	7	POS	win	n/a	n/a	n/a
260.0007	1.4999	card_decision	71	8	POS	win	0.5869	lower	n/a
261.5007	0.4999	number_reveal	71	8	POS	win	n/a	n/a	1
262.0006	0.5	feedback_win	71	8	POS	win	n/a	n/a	n/a
263.5005	1.4999	card_decision	72	8	POS	win	0.5296	lower	n/a
265.0004	0.5	number_reveal	72	8	POS	win	n/a	n/a	2
265.5004	0.5	feedback_win	72	8	POS	win	n/a	n/a	n/a
267.0003	1.4999	card_decision	73	8	POS	win	0.3292	lower	n/a
268.5002	0.5	number_reveal	73	8	POS	win	n/a	n/a	2
269.0002	0.5	feedback_win	73	8	POS	win	n/a	n/a	n/a
270.5001	1.4999	card_decision	74	8	POS	loss	0.2924	lower	n/a
272.0	0.5	number_reveal	74	8	POS	loss	n/a	n/a	7
272.5	0.5	feedback_loss	74	8	POS	loss	n/a	n/a	n/a
273.9999	1.4999	card_decision	75	8	POS	win	0.0017	higher	n/a
275.4998	0.5	number_reveal	75	8	POS	win	n/a	n/a	9
275.9997	0.5	feedback_win	75	8	POS	win	n/a	n/a	n/a
277.4997	1.4999	card_decision	76	8	POS	win	0.4878	higher	n/a
278.9996	0.5	number_reveal	76	8	POS	win	n/a	n/a	8
279.4995	0.5	feedback_win	76	8	POS	win	n/a	n/a	n/a
280.9995	1.4999	card_decision	77	8	POS	win	0.2726	higher	n/a
282.4993	0.5	number_reveal	77	8	POS	win	n/a	n/a	6
282.9993	0.5	feedback_win	77	8	POS	win	n/a	n/a	n/a
284.4993	1.4999	card_decision	78	8	POS	loss	0.381	lower	n/a
285.9991	0.5	number_reveal	78	8	POS	loss	n/a	n/a	9
286.4991	0.5	feedback_loss	78	8	POS	loss	n/a	n/a	n/a
287.999	1.4999	card_decision	79	8	POS	loss	0.323	higher	n/a
289.4989	0.5	number_reveal	79	8	POS	loss	n/a	n/a	2
289.9989	0.4999	feedback_loss	79	8	POS	loss	n/a	n/a	n/a
291.4988	1.4999	card_decision	80	8	POS	win	0.3755	lower	n/a
292.9987	0.5	number_reveal	80	8	POS	win	n/a	n/a	4
293.4987	0.5	feedback_win	80	8	POS	win	n/a	n/a	n/a
295.9985	1.4999	card_decision	81	9	POS	win	0.3384	higher	n/a
297.4985	0.4999	number_reveal	81	9	POS	win	n/a	n/a	9
297.9984	0.5	feedback_win	81	9	POS	win	n/a	n/a	n/a
299.4983	1.4999	card_decision	82	9	POS	win	0.3207	higher	n/a
300.9982	0.5	number_reveal	82	9	POS	win	n/a	n/a	7
301.4982	0.5	feedback_win	82	9	POS	win	n/a	n/a	n/a
302.9981	1.4999	card_decision	83	9	POS	win	0.304	higher	n/a
304.498	0.5	number_reveal	83	9	POS	win	n/a	n/a	6
304.998	0.5	feedback_win	83	9	POS	win	n/a	n/a	n/a
306.4979	1.4999	card_decision	84	9	POS	loss	0.2351	lower	n/a
307.9978	0.5	number_reveal	84	9	POS	loss	n/a	n/a	9
308.4978	0.5	feedback_loss	84	9	POS	loss	n/a	n/a	n/a
309.9977	1.4998	card_decision	85	9	POS	win	0.256	lower	n/a
311.4975	0.5	number_reveal	85	9	POS	win	n/a	n/a	1
311.9976	0.5	feedback_win	85	9	POS	win	n/a	n/a	n/a
313.4975	1.4999	card_decision	86	9	POS	win	0.3608	lower	n/a
314.9974	0.5	number_reveal	86	9	POS	win	n/a	n/a	2
315.4973	0.5	feedback_win	86	9	POS	win	n/a	n/a	n/a
316.9972	1.4999	card_decision	87	9	POS	win	0.373	higher	n/a
318.4972	0.4999	number_reveal	87	9	POS	win	n/a	n/a	8
318.9971	0.5	feedback_win	87	9	POS	win	n/a	n/a	n/a
320.497	1.4999	card_decision	88	9	POS	loss	0.2468	higher	n/a
321.9969	0.5	number_reveal	88	9	POS	loss	n/a	n/a	4
322.4969	0.5	feedback_loss	88	9	POS	loss	n/a	n/a	n/a
323.9968	1.4999	card_decision	89	9	POS	win	0.3769	higher	n/a
325.4967	0.5	number_reveal	89	9	POS	win	n/a	n/a	9
325.9967	0.4999	feedback_win	89	9	POS	win	n/a	n/a	n/a
327.4966	1.4999	card_decision	90	9	POS	loss	0.312	lower	n/a
328.9965	0.5	number_reveal	90	9	POS	loss	n/a	n/a	9
329.4965	0.5	feedback_loss	90	9	POS	loss	n/a	n/a	n/a
331.9964	1.4999	card_decision	91	10	POS	win	0.2852	lower	n/a
333.4962	0.5	number_reveal	91	10	POS	win	n/a	n/a	1
333.9962	0.5	feedback_win	91	10	POS	win	n/a	n/a	n/a
335.4961	1.4998	card_decision	92	10	POS	loss	0.2895	higher	n/a
336.996	0.5001	number_reveal	92	10	POS	loss	n/a	n/a	1
337.496	0.4999	feedback_loss	92	10	POS	loss	n/a	n/a	n/a
338.9959	1.4999	card_decision	93	10	POS	win	0.3358	lower	n/a
340.4958	0.5	number_reveal	93	10	POS	win	n/a	n/a	4
340.9958	0.5	feedback_win	93	10	POS	win	n/a	n/a	n/a
342.4957	1.4999	card_decision	94	10	POS	win	0.4879	higher	n/a
343.9956	0.5	number_reveal	94	10	POS	win	n/a	n/a	8
344.4956	0.5	feedback_win	94	10	POS	win	n/a	n/a	n/a
345.9955	1.4999	card_decision	95	10	POS	loss	0.2331	higher	n/a
347.4954	0.5	number_reveal	95	10	POS	loss	n/a	n/a	4
347.9954	0.5	feedback_loss	95	10	POS	loss	n/a	n/a	n/a
349.4953	1.4999	card_decision	96	10	POS	loss	0.4051	lower	n/a
350.9952	0.5	number_reveal	96	10	POS	loss	n/a	n/a	9
351.4952	0.5	feedback_loss	96	10	POS	loss	n/a	n/a	n/a
352.9951	1.4999	card_decision	97	10	POS	win	0.3274	higher	n/a
354.495	0.5	number_reveal	97	10	POS	win	n/a	n/a	8
354.9949	0.5	feedback_win	97	10	POS	win	n/a	n/a	n/a
356.4949	1.4999	card_decision	98	10	POS	win	0.2915	higher	n/a
357.9947	0.5	number_reveal	98	10	POS	win	n/a	n/a	7
358.4947	0.5	feedback_win	98	10	POS	win	n/a	n/a	n/a
359.9946	1.4999	card_decision	99	10	POS	win	0.2318	higher	n/a
361.4945	0.5	number_reveal	99	10	POS	win	n/a	n/a	8
361.9945	0.5	feedback_win	99	10	POS	win	n/a	n/a	n/a
363.4944	1.4999	card_decision	100	10	POS	win	0.2742	lower	n/a
364.9944	0.4999	number_reveal	100	10	POS	win	n/a	n/a	2
365.4943	0.5	feedback_win	100	10	POS	win	n/a	n/a	n/a
